"Leeftijd";"Marges";"Perioden";"Wijken en buurten";"Regioaanduiding/Gemeentenaam (naam)";"Regioaanduiding/Soort regio (omschrijving)";"Regioaanduiding/Codering (code)";"Hoog risico op angst of depressie (%)";"Moeite met rondkomen (%)"
"18 jaar of ouder";"Waarde";"2012";"Amsterdam";"Amsterdam                               ";"Gemeente  ";"GM0363              ";"     8.6";"    34.5"
"18 jaar of ouder";"Waarde";"2012";"Burgwallen-Oude Zijde";"Amsterdam                               ";"Wijk      ";"WK036300            ";"     6.2";"    32.5"
"18 jaar of ouder";"Waarde";"2012";"Kop Zeedijk";"Amsterdam                               ";"Buurt     ";"BU03630000          ";"     6.1";"    31.6"
"18 jaar of ouder";"Waarde";"2012";"Oude Kerk e.o.";"Amsterdam                               ";"Buurt     ";"BU03630001          ";"     6.8";"    36.1"
"18 jaar of ouder";"Waarde";"2012";"Burgwallen Oost";"Amsterdam                               ";"Buurt     ";"BU03630002          ";"     6.3";"    32.8"
"18 jaar of ouder";"Waarde";"2012";"Nes e.o.";"Amsterdam                               ";"Buurt     ";"BU03630003          ";"     6.0";"    31.2"
"18 jaar of ouder";"Waarde";"2012";"BG-terrein e.o.";"Amsterdam                               ";"Buurt     ";"BU03630004          ";"     5.9";"    30.9"
"18 jaar of ouder";"Waarde";"2012";"Burgwallen-Nieuwe Zijde";"Amsterdam                               ";"Wijk      ";"WK036301            ";"     6.2";"    31.8"
"18 jaar of ouder";"Waarde";"2012";"Stationsplein e.o.";"Amsterdam                               ";"Buurt     ";"BU03630100          ";"       .";"       ."
"18 jaar of ouder";"Waarde";"2012";"Hemelrijk";"Amsterdam                               ";"Buurt     ";"BU03630101          ";"     6.0";"    31.7"
"18 jaar of ouder";"Waarde";"2012";"Nieuwendijk Noord";"Amsterdam                               ";"Buurt     ";"BU03630102          ";"     7.1";"    36.3"
"18 jaar of ouder";"Waarde";"2012";"Spuistraat Noord";"Amsterdam                               ";"Buurt     ";"BU03630103          ";"     6.1";"    29.8"
"18 jaar of ouder";"Waarde";"2012";"Nieuwe Kerk e.o.";"Amsterdam                               ";"Buurt     ";"BU03630104          ";"     5.8";"    30.2"
"18 jaar of ouder";"Waarde";"2012";"Spuistraat Zuid";"Amsterdam                               ";"Buurt     ";"BU03630105          ";"     6.3";"    31.8"
"18 jaar of ouder";"Waarde";"2012";"Begijnhofbuurt";"Amsterdam                               ";"Buurt     ";"BU03630106          ";"     6.8";"    34.2"
"18 jaar of ouder";"Waarde";"2012";"Kalverdriehoek";"Amsterdam                               ";"Buurt     ";"BU03630107          ";"     5.9";"    30.9"
"18 jaar of ouder";"Waarde";"2012";"Grachtengordel-West";"Amsterdam                               ";"Wijk      ";"WK036302            ";"     4.4";"    21.2"
"18 jaar of ouder";"Waarde";"2012";"Langestraat e.o.";"Amsterdam                               ";"Buurt     ";"BU03630200          ";"     3.9";"    19.0"
"18 jaar of ouder";"Waarde";"2012";"Leliegracht e.o.";"Amsterdam                               ";"Buurt     ";"BU03630201          ";"     4.8";"    23.0"
"18 jaar of ouder";"Waarde";"2012";"Felix Meritisbuurt";"Amsterdam                               ";"Buurt     ";"BU03630202          ";"     4.5";"    21.6"
"18 jaar of ouder";"Waarde";"2012";"Leidsegracht Noord";"Amsterdam                               ";"Buurt     ";"BU03630203          ";"     4.3";"    21.0"
"18 jaar of ouder";"Waarde";"2012";"Grachtengordel-Zuid";"Amsterdam                               ";"Wijk      ";"WK036303            ";"     4.8";"    22.3"
"18 jaar of ouder";"Waarde";"2012";"Spiegelbuurt";"Amsterdam                               ";"Buurt     ";"BU03630300          ";"     4.9";"    20.4"
"18 jaar of ouder";"Waarde";"2012";"Gouden Bocht";"Amsterdam                               ";"Buurt     ";"BU03630301          ";"     3.9";"    17.8"
"18 jaar of ouder";"Waarde";"2012";"Van Loonbuurt";"Amsterdam                               ";"Buurt     ";"BU03630302          ";"     4.4";"    20.0"
"18 jaar of ouder";"Waarde";"2012";"Amstelveldbuurt";"Amsterdam                               ";"Buurt     ";"BU03630303          ";"     4.5";"    20.7"
"18 jaar of ouder";"Waarde";"2012";"Rembrandtpleinbuurt";"Amsterdam                               ";"Buurt     ";"BU03630304          ";"     6.0";"    29.5"
"18 jaar of ouder";"Waarde";"2012";"Reguliersbuurt";"Amsterdam                               ";"Buurt     ";"BU03630305          ";"     6.3";"    32.9"
"18 jaar of ouder";"Waarde";"2012";"Leidsegracht Zuid";"Amsterdam                               ";"Buurt     ";"BU03630306          ";"     4.6";"    22.5"
"18 jaar of ouder";"Waarde";"2012";"Nieuwmarkt/Lastage";"Amsterdam                               ";"Wijk      ";"WK036304            ";"     6.1";"    30.0"
"18 jaar of ouder";"Waarde";"2012";"Oosterdokseiland";"Amsterdam                               ";"Buurt     ";"BU03630400          ";"     4.3";"    23.5"
"18 jaar of ouder";"Waarde";"2012";"Scheepvaarthuisbuurt";"Amsterdam                               ";"Buurt     ";"BU03630401          ";"     4.4";"    23.8"
"18 jaar of ouder";"Waarde";"2012";"Rapenburg";"Amsterdam                               ";"Buurt     ";"BU03630402          ";"     6.5";"    32.1"
"18 jaar of ouder";"Waarde";"2012";"Lastage";"Amsterdam                               ";"Buurt     ";"BU03630403          ";"     5.7";"    30.0"
"18 jaar of ouder";"Waarde";"2012";"Nieuwmarkt";"Amsterdam                               ";"Buurt     ";"BU03630404          ";"     7.2";"    35.1"
"18 jaar of ouder";"Waarde";"2012";"Uilenburg";"Amsterdam                               ";"Buurt     ";"BU03630405          ";"     6.2";"    29.3"
"18 jaar of ouder";"Waarde";"2012";"Valkenburg";"Amsterdam                               ";"Buurt     ";"BU03630406          ";"     5.2";"    24.3"
"18 jaar of ouder";"Waarde";"2012";"Zuiderkerkbuurt";"Amsterdam                               ";"Buurt     ";"BU03630407          ";"     6.3";"    31.1"
"18 jaar of ouder";"Waarde";"2012";"Waterloopleinbuurt";"Amsterdam                               ";"Buurt     ";"BU03630408          ";"     6.2";"    29.4"
"18 jaar of ouder";"Waarde";"2012";"Haarlemmerbuurt";"Amsterdam                               ";"Wijk      ";"WK036305            ";"     6.3";"    29.9"
"18 jaar of ouder";"Waarde";"2012";"Westerdokseiland";"Amsterdam                               ";"Buurt     ";"BU03630500          ";"     5.5";"    24.8"
"18 jaar of ouder";"Waarde";"2012";"Haarlemmerbuurt Oost";"Amsterdam                               ";"Buurt     ";"BU03630501          ";"     5.9";"    28.6"
"18 jaar of ouder";"Waarde";"2012";"Haarlemmerbuurt West";"Amsterdam                               ";"Buurt     ";"BU03630502          ";"     6.8";"    32.5"
"18 jaar of ouder";"Waarde";"2012";"Westelijke eilanden";"Amsterdam                               ";"Buurt     ";"BU03630503          ";"     6.3";"    30.1"
"18 jaar of ouder";"Waarde";"2012";"Planciusbuurt Noord";"Amsterdam                               ";"Buurt     ";"BU03630505          ";"     7.3";"    35.3"
"18 jaar of ouder";"Waarde";"2012";"Planciusbuurt Zuid";"Amsterdam                               ";"Buurt     ";"BU03630506          ";"     9.5";"    41.1"
"18 jaar of ouder";"Waarde";"2012";"Jordaan";"Amsterdam                               ";"Wijk      ";"WK036306            ";"     6.5";"    30.9"
"18 jaar of ouder";"Waarde";"2012";"Driehoekbuurt";"Amsterdam                               ";"Buurt     ";"BU03630600          ";"     6.6";"    31.8"
"18 jaar of ouder";"Waarde";"2012";"Bloemgrachtbuurt";"Amsterdam                               ";"Buurt     ";"BU03630602          ";"     5.7";"    28.1"
"18 jaar of ouder";"Waarde";"2012";"Marnixbuurt Noord";"Amsterdam                               ";"Buurt     ";"BU03630603          ";"     7.9";"    36.1"
"18 jaar of ouder";"Waarde";"2012";"Zaagpoortbuurt";"Amsterdam                               ";"Buurt     ";"BU03630604          ";"     8.1";"    39.3"
"18 jaar of ouder";"Waarde";"2012";"Marnixbuurt Midden";"Amsterdam                               ";"Buurt     ";"BU03630605          ";"     5.1";"    29.0"
"18 jaar of ouder";"Waarde";"2012";"Elandsgrachtbuurt";"Amsterdam                               ";"Buurt     ";"BU03630606          ";"     6.5";"    30.4"
"18 jaar of ouder";"Waarde";"2012";"Passeerdersgrachtbuurt";"Amsterdam                               ";"Buurt     ";"BU03630607          ";"     6.0";"    25.8"
"18 jaar of ouder";"Waarde";"2012";"Groenmarktkadebuurt";"Amsterdam                               ";"Buurt     ";"BU03630608          ";"     6.2";"    30.9"
"18 jaar of ouder";"Waarde";"2012";"Marnixbuurt Zuid";"Amsterdam                               ";"Buurt     ";"BU03630609          ";"     7.5";"    35.1"
"18 jaar of ouder";"Waarde";"2012";"Anjeliersbuurt Noord";"Amsterdam                               ";"Buurt     ";"BU03630610          ";"     5.9";"    28.0"
"18 jaar of ouder";"Waarde";"2012";"Anjeliersbuurt Zuid";"Amsterdam                               ";"Buurt     ";"BU03630611          ";"     6.6";"    31.7"
"18 jaar of ouder";"Waarde";"2012";"De Weteringschans";"Amsterdam                               ";"Wijk      ";"WK036307            ";"     5.4";"    25.2"
"18 jaar of ouder";"Waarde";"2012";"Leidsebuurt Noordwest";"Amsterdam                               ";"Buurt     ";"BU03630700          ";"     5.5";"    26.9"
"18 jaar of ouder";"Waarde";"2012";"Leidsebuurt Zuidwest";"Amsterdam                               ";"Buurt     ";"BU03630701          ";"     5.7";"    33.2"
"18 jaar of ouder";"Waarde";"2012";"Leidsebuurt Noordoost";"Amsterdam                               ";"Buurt     ";"BU03630702          ";"     5.8";"    29.4"
"18 jaar of ouder";"Waarde";"2012";"Leidsebuurt Zuidoost";"Amsterdam                               ";"Buurt     ";"BU03630703          ";"     6.1";"    26.5"
"18 jaar of ouder";"Waarde";"2012";"Weteringbuurt";"Amsterdam                               ";"Buurt     ";"BU03630704          ";"     5.5";"    26.1"
"18 jaar of ouder";"Waarde";"2012";"Den Texbuurt";"Amsterdam                               ";"Buurt     ";"BU03630705          ";"     5.2";"    23.6"
"18 jaar of ouder";"Waarde";"2012";"Utrechtsebuurt Zuid";"Amsterdam                               ";"Buurt     ";"BU03630706          ";"     5.3";"    23.5"
"18 jaar of ouder";"Waarde";"2012";"Frederikspleinbuurt";"Amsterdam                               ";"Buurt     ";"BU03630707          ";"     4.6";"    19.8"
"18 jaar of ouder";"Waarde";"2012";"Weesperbuurt/Plantage";"Amsterdam                               ";"Wijk      ";"WK036308            ";"     6.1";"    27.9"
"18 jaar of ouder";"Waarde";"2012";"Weesperbuurt";"Amsterdam                               ";"Buurt     ";"BU03630800          ";"     6.5";"    29.4"
"18 jaar of ouder";"Waarde";"2012";"Sarphatistrook";"Amsterdam                               ";"Buurt     ";"BU03630801          ";"     6.6";"    29.9"
"18 jaar of ouder";"Waarde";"2012";"de Plantage";"Amsterdam                               ";"Buurt     ";"BU03630803          ";"     5.3";"    24.0"
"18 jaar of ouder";"Waarde";"2012";"Alexanderplein e.o.";"Amsterdam                               ";"Buurt     ";"BU03630804          ";"     5.4";"    25.3"
"18 jaar of ouder";"Waarde";"2012";"Oostelijke Eilanden/Kadijken";"Amsterdam                               ";"Wijk      ";"WK036309            ";"     7.5";"    33.2"
"18 jaar of ouder";"Waarde";"2012";"Marine-Etablissement";"Amsterdam                               ";"Buurt     ";"BU03630900          ";"     5.0";"    21.2"
"18 jaar of ouder";"Waarde";"2012";"Kattenburg";"Amsterdam                               ";"Buurt     ";"BU03630901          ";"     7.6";"    37.3"
"18 jaar of ouder";"Waarde";"2012";"Wittenburg";"Amsterdam                               ";"Buurt     ";"BU03630902          ";"     8.2";"    34.4"
"18 jaar of ouder";"Waarde";"2012";"Oostenburg";"Amsterdam                               ";"Buurt     ";"BU03630903          ";"     9.0";"    37.3"
"18 jaar of ouder";"Waarde";"2012";"Czaar Peterbuurt";"Amsterdam                               ";"Buurt     ";"BU03630904          ";"     8.7";"    38.7"
"18 jaar of ouder";"Waarde";"2012";"Het Funen";"Amsterdam                               ";"Buurt     ";"BU03630905          ";"     5.8";"    25.1"
"18 jaar of ouder";"Waarde";"2012";"Kazernebuurt";"Amsterdam                               ";"Buurt     ";"BU03630907          ";"     7.7";"    32.5"
"18 jaar of ouder";"Waarde";"2012";"Kadijken";"Amsterdam                               ";"Buurt     ";"BU03630908          ";"     6.2";"    27.9"
"18 jaar of ouder";"Waarde";"2012";"Westelijk Havengebied";"Amsterdam                               ";"Wijk      ";"WK036310            ";"     7.4";"    40.8"
"18 jaar of ouder";"Waarde";"2012";"Coenhaven/Mercuriushaven";"Amsterdam                               ";"Buurt     ";"BU03631000          ";"     4.1";"    28.9"
"18 jaar of ouder";"Waarde";"2012";"Alfa-driehoek";"Amsterdam                               ";"Buurt     ";"BU03631001          ";"       .";"       ."
"18 jaar of ouder";"Waarde";"2012";"Petroleumhaven";"Amsterdam                               ";"Buurt     ";"BU03631002          ";"     4.2";"    28.3"
"18 jaar of ouder";"Waarde";"2012";"Westhaven Noord";"Amsterdam                               ";"Buurt     ";"BU03631003          ";"     6.6";"    39.4"
"18 jaar of ouder";"Waarde";"2012";"Vervoerscentrum";"Amsterdam                               ";"Buurt     ";"BU03631004          ";"       .";"       ."
"18 jaar of ouder";"Waarde";"2012";"Amerikahaven";"Amsterdam                               ";"Buurt     ";"BU03631005          ";"     9.1";"    47.3"
"18 jaar of ouder";"Waarde";"2012";"Afrikahaven";"Amsterdam                               ";"Buurt     ";"BU03631006          ";"     4.6";"    27.4"
"18 jaar of ouder";"Waarde";"2012";"Westhaven Zuid";"Amsterdam                               ";"Buurt     ";"BU03631007          ";"       .";"       ."
"18 jaar of ouder";"Waarde";"2012";"Bedrijventerrein Sloterdijk";"Amsterdam                               ";"Wijk      ";"WK036311            ";"     8.7";"    37.9"
"18 jaar of ouder";"Waarde";"2012";"Sloterdijk II";"Amsterdam                               ";"Buurt     ";"BU03631100          ";"    13.6";"    53.5"
"18 jaar of ouder";"Waarde";"2012";"Sloterdijk III Oost";"Amsterdam                               ";"Buurt     ";"BU03631102          ";"       .";"       ."
"18 jaar of ouder";"Waarde";"2012";"Sloterdijk III West";"Amsterdam                               ";"Buurt     ";"BU03631103          ";"     7.9";"    41.7"
"18 jaar of ouder";"Waarde";"2012";"De Heining";"Amsterdam                               ";"Buurt     ";"BU03631104          ";"     4.9";"    24.4"
"18 jaar of ouder";"Waarde";"2012";"Teleport";"Amsterdam                               ";"Buurt     ";"BU03631105          ";"    10.0";"    33.4"
"18 jaar of ouder";"Waarde";"2012";"Bretten Oost";"Amsterdam                               ";"Buurt     ";"BU03631107          ";"       .";"       ."
"18 jaar of ouder";"Waarde";"2012";"Bretten West";"Amsterdam                               ";"Buurt     ";"BU03631109          ";"       .";"       ."
"18 jaar of ouder";"Waarde";"2012";"Houthavens";"Amsterdam                               ";"Wijk      ";"WK036312            ";"     6.8";"    34.8"
"18 jaar of ouder";"Waarde";"2012";"Houthavens West";"Amsterdam                               ";"Buurt     ";"BU03631200          ";"     7.7";"    41.5"
"18 jaar of ouder";"Waarde";"2012";"Houthavens Oost";"Amsterdam                               ";"Buurt     ";"BU03631201          ";"     5.2";"    23.1"
"18 jaar of ouder";"Waarde";"2012";"Spaarndammer- en Zeeheldenbuurt";"Amsterdam                               ";"Wijk      ";"WK036313            ";"     9.4";"    39.4"
"18 jaar of ouder";"Waarde";"2012";"Zeeheldenbuurt";"Amsterdam                               ";"Buurt     ";"BU03631300          ";"     8.7";"    37.7"
"18 jaar of ouder";"Waarde";"2012";"Spaarndammerbuurt Noordoost";"Amsterdam                               ";"Buurt     ";"BU03631301          ";"    10.3";"    41.3"
"18 jaar of ouder";"Waarde";"2012";"Spaarndammerbuurt Zuidoost";"Amsterdam                               ";"Buurt     ";"BU03631302          ";"     8.6";"    36.5"
"18 jaar of ouder";"Waarde";"2012";"Spaarndammerbuurt Zuidwest";"Amsterdam                               ";"Buurt     ";"BU03631303          ";"     8.0";"    35.1"
"18 jaar of ouder";"Waarde";"2012";"Spaarndammerbuurt Midden";"Amsterdam                               ";"Buurt     ";"BU03631304          ";"     9.4";"    40.3"
"18 jaar of ouder";"Waarde";"2012";"Spaarndammerbuurt Noordwest";"Amsterdam                               ";"Buurt     ";"BU03631305          ";"    10.3";"    43.2"
"18 jaar of ouder";"Waarde";"2012";"Westergasfabriek";"Amsterdam                               ";"Buurt     ";"BU03631306          ";"       .";"       ."
"18 jaar of ouder";"Waarde";"2012";"Overbraker Binnenpolder";"Amsterdam                               ";"Buurt     ";"BU03631307          ";"       .";"       ."
"18 jaar of ouder";"Waarde";"2012";"Staatsliedenbuurt";"Amsterdam                               ";"Wijk      ";"WK036314            ";"     7.8";"    35.3"
"18 jaar of ouder";"Waarde";"2012";"De Wittenbuurt Noord";"Amsterdam                               ";"Buurt     ";"BU03631400          ";"     7.6";"    34.6"
"18 jaar of ouder";"Waarde";"2012";"De Wittenbuurt Zuid";"Amsterdam                               ";"Buurt     ";"BU03631401          ";"     8.7";"    37.0"
"18 jaar of ouder";"Waarde";"2012";"Staatsliedenbuurt Noordoost";"Amsterdam                               ";"Buurt     ";"BU03631402          ";"     9.6";"    40.3"
"18 jaar of ouder";"Waarde";"2012";"Fannius Scholtenbuurt";"Amsterdam                               ";"Buurt     ";"BU03631403          ";"     7.9";"    36.4"
"18 jaar of ouder";"Waarde";"2012";"Westerstaatsman";"Amsterdam                               ";"Buurt     ";"BU03631404          ";"     7.4";"    34.6"
"18 jaar of ouder";"Waarde";"2012";"Buyskade e.o.";"Amsterdam                               ";"Buurt     ";"BU03631405          ";"     7.0";"    31.7"
"18 jaar of ouder";"Waarde";"2012";"Centrale Markt";"Amsterdam                               ";"Wijk      ";"WK036315            ";"     7.0";"    31.3"
"18 jaar of ouder";"Waarde";"2012";"Ecowijk";"Amsterdam                               ";"Buurt     ";"BU03631500          ";"     6.1";"    27.9"
"18 jaar of ouder";"Waarde";"2012";"Markthallen";"Amsterdam                               ";"Buurt     ";"BU03631501          ";"     6.0";"    31.1"
"18 jaar of ouder";"Waarde";"2012";"Bedrijvencentrum Westerkwartier";"Amsterdam                               ";"Buurt     ";"BU03631502          ";"     4.7";"    27.5"
"18 jaar of ouder";"Waarde";"2012";"Marcanti";"Amsterdam                               ";"Buurt     ";"BU03631503          ";"     8.2";"    35.5"
"18 jaar of ouder";"Waarde";"2012";"Frederik Hendrikbuurt";"Amsterdam                               ";"Wijk      ";"WK036316            ";"     7.3";"    33.2"
"18 jaar of ouder";"Waarde";"2012";"Frederik Hendrikbuurt Noord";"Amsterdam                               ";"Buurt     ";"BU03631600          ";"     7.4";"    33.8"
"18 jaar of ouder";"Waarde";"2012";"Frederik Hendrikbuurt Zuidoost";"Amsterdam                               ";"Buurt     ";"BU03631601          ";"     7.5";"    34.0"
"18 jaar of ouder";"Waarde";"2012";"Frederik Hendrikbuurt Zuidwest";"Amsterdam                               ";"Buurt     ";"BU03631602          ";"     6.6";"    29.0"
"18 jaar of ouder";"Waarde";"2012";"Da Costabuurt";"Amsterdam                               ";"Wijk      ";"WK036317            ";"     6.1";"    29.5"
"18 jaar of ouder";"Waarde";"2012";"Da Costabuurt Noord";"Amsterdam                               ";"Buurt     ";"BU03631700          ";"     6.1";"    29.5"
"18 jaar of ouder";"Waarde";"2012";"Kinkerbuurt";"Amsterdam                               ";"Wijk      ";"WK036318            ";"     8.1";"    36.4"
"18 jaar of ouder";"Waarde";"2012";"Bellamybuurt Noord";"Amsterdam                               ";"Buurt     ";"BU03631800          ";"     8.2";"    36.2"
"18 jaar of ouder";"Waarde";"2012";"Bellamybuurt Zuid";"Amsterdam                               ";"Buurt     ";"BU03631801          ";"     8.1";"    36.5"
"18 jaar of ouder";"Waarde";"2012";"Van Lennepbuurt";"Amsterdam                               ";"Wijk      ";"WK036319            ";"     9.3";"    39.3"
"18 jaar of ouder";"Waarde";"2012";"Da Costabuurt Zuid";"Amsterdam                               ";"Buurt     ";"BU03631900          ";"     7.0";"    33.6"
"18 jaar of ouder";"Waarde";"2012";"Borgerbuurt";"Amsterdam                               ";"Buurt     ";"BU03631901          ";"    11.1";"    43.7"
"18 jaar of ouder";"Waarde";"2012";"Lootsbuurt";"Amsterdam                               ";"Buurt     ";"BU03631902          ";"     9.4";"    39.5"
"18 jaar of ouder";"Waarde";"2012";"Helmersbuurt";"Amsterdam                               ";"Wijk      ";"WK036320            ";"     5.9";"    27.4"
"18 jaar of ouder";"Waarde";"2012";"Helmersbuurt Oost";"Amsterdam                               ";"Buurt     ";"BU03632000          ";"     5.0";"    24.7"
"18 jaar of ouder";"Waarde";"2012";"WG-terrein";"Amsterdam                               ";"Buurt     ";"BU03632001          ";"     6.7";"    29.3"
"18 jaar of ouder";"Waarde";"2012";"Cremerbuurt Oost";"Amsterdam                               ";"Buurt     ";"BU03632002          ";"     6.0";"    28.4"
"18 jaar of ouder";"Waarde";"2012";"Overtoomse Sluis";"Amsterdam                               ";"Wijk      ";"WK036321            ";"     6.2";"    28.7"
"18 jaar of ouder";"Waarde";"2012";"Cremerbuurt West";"Amsterdam                               ";"Buurt     ";"BU03632100          ";"     6.5";"    29.9"
"18 jaar of ouder";"Waarde";"2012";"Vondelparkbuurt West";"Amsterdam                               ";"Buurt     ";"BU03632101          ";"     5.3";"    25.2"
"18 jaar of ouder";"Waarde";"2012";"Vondelbuurt";"Amsterdam                               ";"Wijk      ";"WK036322            ";"     5.2";"    22.9"
"18 jaar of ouder";"Waarde";"2012";"Vondelparkbuurt Oost";"Amsterdam                               ";"Buurt     ";"BU03632200          ";"     4.6";"    21.0"
"18 jaar of ouder";"Waarde";"2012";"Vondelparkbuurt Midden";"Amsterdam                               ";"Buurt     ";"BU03632201          ";"     5.9";"    24.9"
"18 jaar of ouder";"Waarde";"2012";"Zuidas";"Amsterdam                               ";"Wijk      ";"WK036323            ";"     6.7";"    25.3"
"18 jaar of ouder";"Waarde";"2012";"Zuidas Noord";"Amsterdam                               ";"Buurt     ";"BU03632300          ";"     9.7";"    36.0"
"18 jaar of ouder";"Waarde";"2012";"RAI";"Amsterdam                               ";"Buurt     ";"BU03632301          ";"       .";"       ."
"18 jaar of ouder";"Waarde";"2012";"VU-kwartier";"Amsterdam                               ";"Buurt     ";"BU03632302          ";"     6.2";"    26.2"
"18 jaar of ouder";"Waarde";"2012";"Zuidas Zuid";"Amsterdam                               ";"Buurt     ";"BU03632303          ";"     6.6";"    24.5"
"18 jaar of ouder";"Waarde";"2012";"Vivaldi";"Amsterdam                               ";"Buurt     ";"BU03632304          ";"     4.9";"    18.3"
"18 jaar of ouder";"Waarde";"2012";"Oude Pijp";"Amsterdam                               ";"Wijk      ";"WK036324            ";"     7.2";"    32.2"
"18 jaar of ouder";"Waarde";"2012";"Hemonybuurt";"Amsterdam                               ";"Buurt     ";"BU03632400          ";"     6.2";"    28.4"
"18 jaar of ouder";"Waarde";"2012";"Gerard Doubuurt";"Amsterdam                               ";"Buurt     ";"BU03632401          ";"     8.1";"    34.7"
"18 jaar of ouder";"Waarde";"2012";"Frans Halsbuurt";"Amsterdam                               ";"Buurt     ";"BU03632402          ";"     6.7";"    30.4"
"18 jaar of ouder";"Waarde";"2012";"Hercules Seghersbuurt";"Amsterdam                               ";"Buurt     ";"BU03632403          ";"     8.3";"    35.9"
"18 jaar of ouder";"Waarde";"2012";"Sarphatiparkbuurt";"Amsterdam                               ";"Buurt     ";"BU03632404          ";"     6.9";"    32.1"
"18 jaar of ouder";"Waarde";"2012";"Nieuwe Pijp";"Amsterdam                               ";"Wijk      ";"WK036325            ";"     7.6";"    32.7"
"18 jaar of ouder";"Waarde";"2012";"Willibrordusbuurt";"Amsterdam                               ";"Buurt     ";"BU03632500          ";"     8.0";"    34.1"
"18 jaar of ouder";"Waarde";"2012";"Van der Helstpleinbuurt";"Amsterdam                               ";"Buurt     ";"BU03632501          ";"     7.3";"    31.5"
"18 jaar of ouder";"Waarde";"2012";"Lizzy Ansinghbuurt";"Amsterdam                               ";"Buurt     ";"BU03632502          ";"     8.2";"    34.9"
"18 jaar of ouder";"Waarde";"2012";"Cornelis Troostbuurt";"Amsterdam                               ";"Buurt     ";"BU03632503          ";"     7.1";"    31.7"
"18 jaar of ouder";"Waarde";"2012";"Zuid Pijp";"Amsterdam                               ";"Wijk      ";"WK036326            ";"    10.3";"    39.9"
"18 jaar of ouder";"Waarde";"2012";"Diamantbuurt";"Amsterdam                               ";"Buurt     ";"BU03632600          ";"    10.6";"    40.5"
"18 jaar of ouder";"Waarde";"2012";"Burgemeester Tellegenbuurt Oost";"Amsterdam                               ";"Buurt     ";"BU03632601          ";"     9.9";"    38.5"
"18 jaar of ouder";"Waarde";"2012";"Burgemeester Tellegenbuurt West";"Amsterdam                               ";"Buurt     ";"BU03632602          ";"    10.6";"    40.7"
"18 jaar of ouder";"Waarde";"2012";"Weesperzijde";"Amsterdam                               ";"Wijk      ";"WK036327            ";"     6.3";"    28.2"
"18 jaar of ouder";"Waarde";"2012";"Swammerdambuurt";"Amsterdam                               ";"Buurt     ";"BU03632700          ";"     5.3";"    24.7"
"18 jaar of ouder";"Waarde";"2012";"Weesperzijde Midden/Zuid";"Amsterdam                               ";"Buurt     ";"BU03632701          ";"     6.8";"    29.1"
"18 jaar of ouder";"Waarde";"2012";"Parooldriehoek";"Amsterdam                               ";"Buurt     ";"BU03632702          ";"     8.5";"    46.5"
"18 jaar of ouder";"Waarde";"2012";"Oosterparkbuurt";"Amsterdam                               ";"Wijk      ";"WK036328            ";"     9.5";"    37.0"
"18 jaar of ouder";"Waarde";"2012";"Oosterparkbuurt Noordwest";"Amsterdam                               ";"Buurt     ";"BU03632800          ";"     8.9";"    36.1"
"18 jaar of ouder";"Waarde";"2012";"Oosterpark";"Amsterdam                               ";"Buurt     ";"BU03632801          ";"     9.3";"    41.5"
"18 jaar of ouder";"Waarde";"2012";"Oosterparkbuurt Zuidoost";"Amsterdam                               ";"Buurt     ";"BU03632802          ";"     8.3";"    33.0"
"18 jaar of ouder";"Waarde";"2012";"Oosterparkbuurt Zuidwest";"Amsterdam                               ";"Buurt     ";"BU03632803          ";"    11.8";"    42.9"
"18 jaar of ouder";"Waarde";"2012";"Dapperbuurt";"Amsterdam                               ";"Wijk      ";"WK036329            ";"    10.4";"    39.9"
"18 jaar of ouder";"Waarde";"2012";"Dapperbuurt Noord";"Amsterdam                               ";"Buurt     ";"BU03632900          ";"    10.4";"    39.7"
"18 jaar of ouder";"Waarde";"2012";"Dapperbuurt Zuid";"Amsterdam                               ";"Buurt     ";"BU03632901          ";"    10.4";"    40.1"
"18 jaar of ouder";"Waarde";"2012";"Oostpoort";"Amsterdam                               ";"Buurt     ";"BU03632902          ";"    10.0";"    40.4"
"18 jaar of ouder";"Waarde";"2012";"Transvaalbuurt";"Amsterdam                               ";"Wijk      ";"WK036330            ";"    10.8";"    41.3"
"18 jaar of ouder";"Waarde";"2012";"Transvaalbuurt West";"Amsterdam                               ";"Buurt     ";"BU03633000          ";"    11.1";"    41.4"
"18 jaar of ouder";"Waarde";"2012";"Transvaalbuurt Oost";"Amsterdam                               ";"Buurt     ";"BU03633001          ";"    10.5";"    41.2"
"18 jaar of ouder";"Waarde";"2012";"Indische Buurt West";"Amsterdam                               ";"Wijk      ";"WK036331            ";"    11.2";"    40.4"
"18 jaar of ouder";"Waarde";"2012";"Noordwestkwadrant Indische buurt Noord";"Amsterdam                               ";"Buurt     ";"BU03633100          ";"     9.0";"    35.7"
"18 jaar of ouder";"Waarde";"2012";"Noordwestkwadrant Indische buurt Zuid";"Amsterdam                               ";"Buurt     ";"BU03633101          ";"    10.5";"    39.4"
"18 jaar of ouder";"Waarde";"2012";"Zuidwestkwadrant Indische buurt";"Amsterdam                               ";"Buurt     ";"BU03633102          ";"    14.3";"    46.3"
"18 jaar of ouder";"Waarde";"2012";"Indische Buurt Oost";"Amsterdam                               ";"Wijk      ";"WK036332            ";"    12.3";"    42.3"
"18 jaar of ouder";"Waarde";"2012";"Noordoostkwadrant Indische buurt";"Amsterdam                               ";"Buurt     ";"BU03633200          ";"    12.2";"    42.5"
"18 jaar of ouder";"Waarde";"2012";"Zuidoostkwadrant Indische buurt";"Amsterdam                               ";"Buurt     ";"BU03633201          ";"    13.4";"    44.4"
"18 jaar of ouder";"Waarde";"2012";"Zeeburgerdijk Oost";"Amsterdam                               ";"Buurt     ";"BU03633202          ";"     6.2";"    23.8"
"18 jaar of ouder";"Waarde";"2012";"Flevopark";"Amsterdam                               ";"Buurt     ";"BU03633203          ";"     3.1";"    25.2"
"18 jaar of ouder";"Waarde";"2012";"Oostelijk Havengebied";"Amsterdam                               ";"Wijk      ";"WK036333            ";"     6.3";"    25.3"
"18 jaar of ouder";"Waarde";"2012";"Oostelijke Handelskade";"Amsterdam                               ";"Buurt     ";"BU03633300          ";"     5.9";"    23.4"
"18 jaar of ouder";"Waarde";"2012";"Rietlanden";"Amsterdam                               ";"Buurt     ";"BU03633301          ";"     6.8";"    27.1"
"18 jaar of ouder";"Waarde";"2012";"Java-eiland";"Amsterdam                               ";"Buurt     ";"BU03633302          ";"     4.8";"    20.8"
"18 jaar of ouder";"Waarde";"2012";"KNSM-eiland";"Amsterdam                               ";"Buurt     ";"BU03633303          ";"     5.9";"    24.8"
"18 jaar of ouder";"Waarde";"2012";"Sporenburg";"Amsterdam                               ";"Buurt     ";"BU03633304          ";"     5.1";"    21.3"
"18 jaar of ouder";"Waarde";"2012";"Borneo";"Amsterdam                               ";"Buurt     ";"BU03633305          ";"     6.0";"    24.9"
"18 jaar of ouder";"Waarde";"2012";"Entrepot-Noordwest";"Amsterdam                               ";"Buurt     ";"BU03633306          ";"     9.0";"    34.9"
"18 jaar of ouder";"Waarde";"2012";"Architectenbuurt";"Amsterdam                               ";"Buurt     ";"BU03633307          ";"     9.2";"    31.5"
"18 jaar of ouder";"Waarde";"2012";"Bedrijvengebied Veelaan";"Amsterdam                               ";"Buurt     ";"BU03633308          ";"     4.9";"    21.0"
"18 jaar of ouder";"Waarde";"2012";"Bedrijvengebied Cruquiusweg";"Amsterdam                               ";"Buurt     ";"BU03633309          ";"     6.1";"    30.2"
"18 jaar of ouder";"Waarde";"2012";"Bedrijvengebied Zeeburgerkade";"Amsterdam                               ";"Buurt     ";"BU03633310          ";"     5.2";"    25.1"
"18 jaar of ouder";"Waarde";"2012";"Zeeburgereiland/Nieuwe Diep";"Amsterdam                               ";"Wijk      ";"WK036334            ";"     7.3";"    41.4"
"18 jaar of ouder";"Waarde";"2012";"Zeeburgereiland Noordwest";"Amsterdam                               ";"Buurt     ";"BU03633400          ";"     3.5";"    16.3"
"18 jaar of ouder";"Waarde";"2012";"Zeeburgereiland Zuidoost";"Amsterdam                               ";"Buurt     ";"BU03633402          ";"     8.6";"    47.1"
"18 jaar of ouder";"Waarde";"2012";"Zeeburgereiland Zuidwest";"Amsterdam                               ";"Buurt     ";"BU03633403          ";"     6.5";"    39.9"
"18 jaar of ouder";"Waarde";"2012";"Nieuwe Diep/Diemerpark";"Amsterdam                               ";"Buurt     ";"BU03633404          ";"     4.4";"    21.2"
"18 jaar of ouder";"Waarde";"2012";"RI Oost terrein";"Amsterdam                               ";"Buurt     ";"BU03633405          ";"       .";"       ."
"18 jaar of ouder";"Waarde";"2012";"Zeeburgereiland Noordoost";"Amsterdam                               ";"Buurt     ";"BU03633406          ";"       .";"       ."
"18 jaar of ouder";"Waarde";"2012";"IJburg West";"Amsterdam                               ";"Wijk      ";"WK036335            ";"     7.4";"    27.8"
"18 jaar of ouder";"Waarde";"2012";"Steigereiland Noord";"Amsterdam                               ";"Buurt     ";"BU03633500          ";"     8.3";"    31.0"
"18 jaar of ouder";"Waarde";"2012";"Steigereiland Zuid";"Amsterdam                               ";"Buurt     ";"BU03633501          ";"     7.0";"    26.7"
"18 jaar of ouder";"Waarde";"2012";"Haveneiland Zuidwest/Rieteiland West";"Amsterdam                               ";"Buurt     ";"BU03633502          ";"     4.3";"    18.2"
"18 jaar of ouder";"Waarde";"2012";"Haveneiland Noordwest";"Amsterdam                               ";"Buurt     ";"BU03633504          ";"     7.8";"    29.0"
"18 jaar of ouder";"Waarde";"2012";"Haveneiland Noordoost";"Amsterdam                               ";"Buurt     ";"BU03633505          ";"     8.7";"    31.8"
"18 jaar of ouder";"Waarde";"2012";"Sloterdijk";"Amsterdam                               ";"Wijk      ";"WK036336            ";"     7.4";"    32.6"
"18 jaar of ouder";"Waarde";"2012";"Woon- en Groengebied Sloterdijk";"Amsterdam                               ";"Buurt     ";"BU03633600          ";"     6.7";"    28.9"
"18 jaar of ouder";"Waarde";"2012";"Bedrijventerrein Sloterdijk I";"Amsterdam                               ";"Buurt     ";"BU03633601          ";"     9.5";"    44.2"
"18 jaar of ouder";"Waarde";"2012";"Landlust";"Amsterdam                               ";"Wijk      ";"WK036337            ";"    10.9";"    41.4"
"18 jaar of ouder";"Waarde";"2012";"Bedrijventerrein Landlust";"Amsterdam                               ";"Buurt     ";"BU03633700          ";"     9.3";"    40.4"
"18 jaar of ouder";"Waarde";"2012";"Bosleeuw";"Amsterdam                               ";"Buurt     ";"BU03633702          ";"    12.5";"    43.3"
"18 jaar of ouder";"Waarde";"2012";"Landlust Zuid";"Amsterdam                               ";"Buurt     ";"BU03633703          ";"     9.2";"    39.4"
"18 jaar of ouder";"Waarde";"2012";"Erasmusparkbuurt Oost";"Amsterdam                               ";"Buurt     ";"BU03633704          ";"     8.3";"    34.9"
"18 jaar of ouder";"Waarde";"2012";"Gibraltarbuurt";"Amsterdam                               ";"Buurt     ";"BU03633705          ";"    11.7";"    43.3"
"18 jaar of ouder";"Waarde";"2012";"Landlust Noord";"Amsterdam                               ";"Buurt     ";"BU03633706          ";"    10.9";"    42.4"
"18 jaar of ouder";"Waarde";"2012";"Erasmuspark";"Amsterdam                               ";"Wijk      ";"WK036338            ";"     8.1";"    35.3"
"18 jaar of ouder";"Waarde";"2012";"Erasmusparkbuurt West";"Amsterdam                               ";"Buurt     ";"BU03633802          ";"     7.6";"    33.9"
"18 jaar of ouder";"Waarde";"2012";"Robert Scottbuurt Oost";"Amsterdam                               ";"Buurt     ";"BU03633803          ";"     9.3";"    38.6"
"18 jaar of ouder";"Waarde";"2012";"De Kolenkit";"Amsterdam                               ";"Wijk      ";"WK036339            ";"    13.8";"    47.0"
"18 jaar of ouder";"Waarde";"2012";"Robert Scottbuurt West";"Amsterdam                               ";"Buurt     ";"BU03633900          ";"    11.4";"    41.4"
"18 jaar of ouder";"Waarde";"2012";"Laan van Spartaan";"Amsterdam                               ";"Buurt     ";"BU03633901          ";"    11.7";"    46.5"
"18 jaar of ouder";"Waarde";"2012";"Kolenkitbuurt Zuid";"Amsterdam                               ";"Buurt     ";"BU03633902          ";"    11.8";"    42.9"
"18 jaar of ouder";"Waarde";"2012";"Kolenkitbuurt Noord";"Amsterdam                               ";"Buurt     ";"BU03633903          ";"    16.6";"    52.0"
"18 jaar of ouder";"Waarde";"2012";"Geuzenbuurt";"Amsterdam                               ";"Wijk      ";"WK036340            ";"     6.9";"    32.9"
"18 jaar of ouder";"Waarde";"2012";"Geuzenhofbuurt";"Amsterdam                               ";"Buurt     ";"BU03634000          ";"     5.4";"    27.2"
"18 jaar of ouder";"Waarde";"2012";"Trompbuurt";"Amsterdam                               ";"Buurt     ";"BU03634001          ";"     6.8";"    32.7"
"18 jaar of ouder";"Waarde";"2012";"Pieter van der Doesbuurt";"Amsterdam                               ";"Buurt     ";"BU03634002          ";"     8.7";"    38.8"
"18 jaar of ouder";"Waarde";"2012";"Van Galenbuurt";"Amsterdam                               ";"Wijk      ";"WK036341            ";"    10.9";"    42.2"
"18 jaar of ouder";"Waarde";"2012";"John Franklinbuurt";"Amsterdam                               ";"Buurt     ";"BU03634100          ";"    10.6";"    41.8"
"18 jaar of ouder";"Waarde";"2012";"Jan Maijenbuurt";"Amsterdam                               ";"Buurt     ";"BU03634101          ";"    11.8";"    44.6"
"18 jaar of ouder";"Waarde";"2012";"Orteliusbuurt Noord";"Amsterdam                               ";"Buurt     ";"BU03634102          ";"     9.7";"    38.5"
"18 jaar of ouder";"Waarde";"2012";"Mercatorpark";"Amsterdam                               ";"Buurt     ";"BU03634103          ";"    16.7";"    58.8"
"18 jaar of ouder";"Waarde";"2012";"Hoofdweg e.o.";"Amsterdam                               ";"Wijk      ";"WK036342            ";"    10.5";"    40.7"
"18 jaar of ouder";"Waarde";"2012";"Balboaplein e.o.";"Amsterdam                               ";"Buurt     ";"BU03634200          ";"    11.5";"    43.0"
"18 jaar of ouder";"Waarde";"2012";"Columbusplein e.o.";"Amsterdam                               ";"Buurt     ";"BU03634201          ";"    11.4";"    43.5"
"18 jaar of ouder";"Waarde";"2012";"Orteliusbuurt Midden";"Amsterdam                               ";"Buurt     ";"BU03634202          ";"     8.9";"    37.1"
"18 jaar of ouder";"Waarde";"2012";"Orteliusbuurt Zuid";"Amsterdam                               ";"Buurt     ";"BU03634203          ";"     8.6";"    35.1"
"18 jaar of ouder";"Waarde";"2012";"Westindische Buurt";"Amsterdam                               ";"Wijk      ";"WK036343            ";"     7.3";"    32.0"
"18 jaar of ouder";"Waarde";"2012";"Paramariboplein e.o.";"Amsterdam                               ";"Buurt     ";"BU03634300          ";"     7.3";"    31.9"
"18 jaar of ouder";"Waarde";"2012";"Postjeskade e.o.";"Amsterdam                               ";"Buurt     ";"BU03634301          ";"     7.3";"    32.1"
"18 jaar of ouder";"Waarde";"2012";"Hoofddorppleinbuurt";"Amsterdam                               ";"Wijk      ";"WK036344            ";"     6.4";"    28.8"
"18 jaar of ouder";"Waarde";"2012";"Surinamepleinbuurt";"Amsterdam                               ";"Buurt     ";"BU03634400          ";"     5.5";"    26.4"
"18 jaar of ouder";"Waarde";"2012";"Westlandgrachtbuurt";"Amsterdam                               ";"Buurt     ";"BU03634401          ";"     6.5";"    29.4"
"18 jaar of ouder";"Waarde";"2012";"Aalsmeerwegbuurt West";"Amsterdam                               ";"Buurt     ";"BU03634402          ";"     6.3";"    28.7"
"18 jaar of ouder";"Waarde";"2012";"Aalsmeerwegbuurt Oost";"Amsterdam                               ";"Buurt     ";"BU03634403          ";"     6.7";"    29.2"
"18 jaar of ouder";"Waarde";"2012";"Legmeerpleinbuurt";"Amsterdam                               ";"Buurt     ";"BU03634404          ";"     6.3";"    28.4"
"18 jaar of ouder";"Waarde";"2012";"Bedrijventerrein Schinkel";"Amsterdam                               ";"Buurt     ";"BU03634405          ";"     9.1";"    34.2"
"18 jaar of ouder";"Waarde";"2012";"Schinkelbuurt";"Amsterdam                               ";"Wijk      ";"WK036345            ";"     7.4";"    32.8"
"18 jaar of ouder";"Waarde";"2012";"Schinkelbuurt Noord";"Amsterdam                               ";"Buurt     ";"BU03634500          ";"     6.3";"    29.0"
"18 jaar of ouder";"Waarde";"2012";"Schinkelbuurt Zuid";"Amsterdam                               ";"Buurt     ";"BU03634501          ";"     9.3";"    39.0"
"18 jaar of ouder";"Waarde";"2012";"Willemspark";"Amsterdam                               ";"Wijk      ";"WK036346            ";"     4.3";"    19.4"
"18 jaar of ouder";"Waarde";"2012";"Valeriusbuurt Oost";"Amsterdam                               ";"Buurt     ";"BU03634600          ";"     3.6";"    15.9"
"18 jaar of ouder";"Waarde";"2012";"Valeriusbuurt West";"Amsterdam                               ";"Buurt     ";"BU03634601          ";"     4.7";"    21.1"
"18 jaar of ouder";"Waarde";"2012";"Willemsparkbuurt Noord";"Amsterdam                               ";"Buurt     ";"BU03634602          ";"     4.4";"    19.4"
"18 jaar of ouder";"Waarde";"2012";"Vondelpark West";"Amsterdam                               ";"Buurt     ";"BU03634603          ";"       .";"       ."
"18 jaar of ouder";"Waarde";"2012";"Museumkwartier";"Amsterdam                               ";"Wijk      ";"WK036347            ";"     4.3";"    19.0"
"18 jaar of ouder";"Waarde";"2012";"Johannnes Vermeerbuurt";"Amsterdam                               ";"Buurt     ";"BU03634700          ";"     3.8";"    17.2"
"18 jaar of ouder";"Waarde";"2012";"P.C. Hooftbuurt";"Amsterdam                               ";"Buurt     ";"BU03634701          ";"     4.6";"    21.0"
"18 jaar of ouder";"Waarde";"2012";"Concertgebouwbuurt";"Amsterdam                               ";"Buurt     ";"BU03634702          ";"     4.0";"    17.6"
"18 jaar of ouder";"Waarde";"2012";"Cornelis Schuytbuurt";"Amsterdam                               ";"Buurt     ";"BU03634703          ";"     3.8";"    17.0"
"18 jaar of ouder";"Waarde";"2012";"Banpleinbuurt";"Amsterdam                               ";"Buurt     ";"BU03634704          ";"     3.5";"    14.6"
"18 jaar of ouder";"Waarde";"2012";"Hondecoeterbuurt";"Amsterdam                               ";"Buurt     ";"BU03634705          ";"     4.7";"    20.7"
"18 jaar of ouder";"Waarde";"2012";"Harmoniehofbuurt";"Amsterdam                               ";"Buurt     ";"BU03634706          ";"     4.4";"    19.0"
"18 jaar of ouder";"Waarde";"2012";"Museumplein";"Amsterdam                               ";"Buurt     ";"BU03634707          ";"       .";"       ."
"18 jaar of ouder";"Waarde";"2012";"Vondelpark Oost";"Amsterdam                               ";"Buurt     ";"BU03634708          ";"       .";"       ."
"18 jaar of ouder";"Waarde";"2012";"Duivelseiland";"Amsterdam                               ";"Buurt     ";"BU03634709          ";"     5.5";"    25.5"
"18 jaar of ouder";"Waarde";"2012";"Stadionbuurt";"Amsterdam                               ";"Wijk      ";"WK036348            ";"     8.4";"    34.6"
"18 jaar of ouder";"Waarde";"2012";"Bertelmanpleinbuurt";"Amsterdam                               ";"Buurt     ";"BU03634800          ";"    10.5";"    41.0"
"18 jaar of ouder";"Waarde";"2012";"Marathonbuurt Oost";"Amsterdam                               ";"Buurt     ";"BU03634801          ";"     9.7";"    38.6"
"18 jaar of ouder";"Waarde";"2012";"Marathonbuurt West";"Amsterdam                               ";"Buurt     ";"BU03634802          ";"    11.4";"    44.8"
"18 jaar of ouder";"Waarde";"2012";"Olympisch Stadion e.o.";"Amsterdam                               ";"Buurt     ";"BU03634803          ";"     6.1";"    25.0"
"18 jaar of ouder";"Waarde";"2012";"IJsbaanpad e.o.";"Amsterdam                               ";"Buurt     ";"BU03634804          ";"    10.8";"    40.1"
"18 jaar of ouder";"Waarde";"2012";"Van Tuyllbuurt";"Amsterdam                               ";"Buurt     ";"BU03634805          ";"     6.2";"    29.3"
"18 jaar of ouder";"Waarde";"2012";"Apollobuurt";"Amsterdam                               ";"Wijk      ";"WK036349            ";"     3.6";"    15.9"
"18 jaar of ouder";"Waarde";"2012";"Diepenbrockbuurt";"Amsterdam                               ";"Buurt     ";"BU03634900          ";"     2.8";"    11.3"
"18 jaar of ouder";"Waarde";"2012";"Beethovenbuurt";"Amsterdam                               ";"Buurt     ";"BU03634901          ";"     3.6";"    14.5"
"18 jaar of ouder";"Waarde";"2012";"Hiltonbuurt";"Amsterdam                               ";"Buurt     ";"BU03634902          ";"     2.0";"     7.4"
"18 jaar of ouder";"Waarde";"2012";"Minervabuurt Noord";"Amsterdam                               ";"Buurt     ";"BU03634903          ";"     3.5";"    15.4"
"18 jaar of ouder";"Waarde";"2012";"Minervabuurt Midden";"Amsterdam                               ";"Buurt     ";"BU03634904          ";"     3.7";"    16.6"
"18 jaar of ouder";"Waarde";"2012";"Minervabuurt Zuid";"Amsterdam                               ";"Buurt     ";"BU03634905          ";"     3.9";"    17.6"
"18 jaar of ouder";"Waarde";"2012";"IJburg Oost";"Amsterdam                               ";"Wijk      ";"WK036350            ";"       .";"       ."
"18 jaar of ouder";"Waarde";"2012";"Strandeiland";"Amsterdam                               ";"Buurt     ";"BU03635000          ";"       .";"       ."
"18 jaar of ouder";"Waarde";"2012";"Middeneiland Zuidoost";"Amsterdam                               ";"Buurt     ";"BU03635001          ";"       .";"       ."
"18 jaar of ouder";"Waarde";"2012";"Middeneiland Zuidwest";"Amsterdam                               ";"Buurt     ";"BU03635003          ";"       .";"       ."
"18 jaar of ouder";"Waarde";"2012";"Buiteneiland";"Amsterdam                               ";"Buurt     ";"BU03635005          ";"       .";"       ."
"18 jaar of ouder";"Waarde";"2012";"Centrumeiland";"Amsterdam                               ";"Buurt     ";"BU03635006          ";"       .";"       ."
"18 jaar of ouder";"Waarde";"2012";"IJburg Zuid";"Amsterdam                               ";"Wijk      ";"WK036351            ";"     8.6";"    32.7"
"18 jaar of ouder";"Waarde";"2012";"Rieteiland Oost";"Amsterdam                               ";"Buurt     ";"BU03635100          ";"     2.7";"    14.5"
"18 jaar of ouder";"Waarde";"2012";"Haveneiland Oost";"Amsterdam                               ";"Buurt     ";"BU03635101          ";"     7.9";"    30.7"
"18 jaar of ouder";"Waarde";"2012";"Haveneiland Noord";"Amsterdam                               ";"Buurt     ";"BU03635102          ";"    10.5";"    38.4"
"18 jaar of ouder";"Waarde";"2012";"Scheldebuurt";"Amsterdam                               ";"Wijk      ";"WK036352            ";"     5.4";"    24.5"
"18 jaar of ouder";"Waarde";"2012";"Wielingenbuurt";"Amsterdam                               ";"Buurt     ";"BU03635200          ";"     4.9";"    23.1"
"18 jaar of ouder";"Waarde";"2012";"Scheldebuurt West";"Amsterdam                               ";"Buurt     ";"BU03635201          ";"     5.7";"    25.7"
"18 jaar of ouder";"Waarde";"2012";"Scheldebuurt Midden";"Amsterdam                               ";"Buurt     ";"BU03635202          ";"     5.1";"    23.6"
"18 jaar of ouder";"Waarde";"2012";"Scheldebuurt Oost";"Amsterdam                               ";"Buurt     ";"BU03635203          ";"     5.2";"    24.4"
"18 jaar of ouder";"Waarde";"2012";"Veluwebuurt";"Amsterdam                               ";"Buurt     ";"BU03635206          ";"     7.1";"    26.8"
"18 jaar of ouder";"Waarde";"2012";"Kop Zuidas";"Amsterdam                               ";"Buurt     ";"BU03635207          ";"     6.0";"    23.9"
"18 jaar of ouder";"Waarde";"2012";"IJselbuurt";"Amsterdam                               ";"Wijk      ";"WK036353            ";"     8.1";"    34.1"
"18 jaar of ouder";"Waarde";"2012";"IJselbuurt West";"Amsterdam                               ";"Buurt     ";"BU03635300          ";"     8.4";"    35.0"
"18 jaar of ouder";"Waarde";"2012";"IJselbuurt Oost";"Amsterdam                               ";"Buurt     ";"BU03635301          ";"     7.9";"    33.3"
"18 jaar of ouder";"Waarde";"2012";"Rijnbuurt";"Amsterdam                               ";"Wijk      ";"WK036354            ";"     8.0";"    33.1"
"18 jaar of ouder";"Waarde";"2012";"Kromme Mijdrechtbuurt";"Amsterdam                               ";"Buurt     ";"BU03635400          ";"     8.3";"    33.7"
"18 jaar of ouder";"Waarde";"2012";"Rijnbuurt Oost";"Amsterdam                               ";"Buurt     ";"BU03635401          ";"     6.7";"    29.7"
"18 jaar of ouder";"Waarde";"2012";"Rijnbuurt Midden";"Amsterdam                               ";"Buurt     ";"BU03635402          ";"     6.4";"    28.9"
"18 jaar of ouder";"Waarde";"2012";"Rijnbuurt West";"Amsterdam                               ";"Buurt     ";"BU03635403          ";"    11.9";"    43.7"
"18 jaar of ouder";"Waarde";"2012";"Zorgvlied";"Amsterdam                               ";"Buurt     ";"BU03635404          ";"     3.5";"    14.5"
"18 jaar of ouder";"Waarde";"2012";"Frankendael";"Amsterdam                               ";"Wijk      ";"WK036355            ";"     8.6";"    33.1"
"18 jaar of ouder";"Waarde";"2012";"De Eenhoorn";"Amsterdam                               ";"Buurt     ";"BU03635501          ";"     9.9";"    43.6"
"18 jaar of ouder";"Waarde";"2012";"Julianapark";"Amsterdam                               ";"Buurt     ";"BU03635502          ";"     5.2";"    20.0"
"18 jaar of ouder";"Waarde";"2012";"Don Bosco";"Amsterdam                               ";"Buurt     ";"BU03635503          ";"     6.8";"    27.7"
"18 jaar of ouder";"Waarde";"2012";"Frankendael";"Amsterdam                               ";"Buurt     ";"BU03635504          ";"     3.7";"    15.2"
"18 jaar of ouder";"Waarde";"2012";"Tuindorp Amstelstation";"Amsterdam                               ";"Buurt     ";"BU03635505          ";"    12.1";"    44.9"
"18 jaar of ouder";"Waarde";"2012";"De Wetbuurt";"Amsterdam                               ";"Buurt     ";"BU03635506          ";"     7.3";"    28.3"
"18 jaar of ouder";"Waarde";"2012";"Tuindorp Frankendael";"Amsterdam                               ";"Buurt     ";"BU03635507          ";"     9.6";"    34.5"
"18 jaar of ouder";"Waarde";"2012";"Van der Kunbuurt";"Amsterdam                               ";"Buurt     ";"BU03635508          ";"    12.0";"    44.7"
"18 jaar of ouder";"Waarde";"2012";"Middenmeer";"Amsterdam                               ";"Wijk      ";"WK036356            ";"     5.6";"    23.3"
"18 jaar of ouder";"Waarde";"2012";"Linnaeusparkbuurt";"Amsterdam                               ";"Buurt     ";"BU03635600          ";"     4.9";"    20.9"
"18 jaar of ouder";"Waarde";"2012";"Middenmeer Noord";"Amsterdam                               ";"Buurt     ";"BU03635601          ";"     5.6";"    24.1"
"18 jaar of ouder";"Waarde";"2012";"Middenmeer Zuid";"Amsterdam                               ";"Buurt     ";"BU03635602          ";"     5.1";"    22.9"
"18 jaar of ouder";"Waarde";"2012";"Sportpark Middenmeer Zuid";"Amsterdam                               ";"Buurt     ";"BU03635603          ";"     4.5";"    14.9"
"18 jaar of ouder";"Waarde";"2012";"Sportpark Middenmeer Noord";"Amsterdam                               ";"Buurt     ";"BU03635604          ";"       .";"       ."
"18 jaar of ouder";"Waarde";"2012";"Park de Meer";"Amsterdam                               ";"Buurt     ";"BU03635605          ";"     6.5";"    22.5"
"18 jaar of ouder";"Waarde";"2012";"Sportpark Voorland";"Amsterdam                               ";"Buurt     ";"BU03635606          ";"       .";"       ."
"18 jaar of ouder";"Waarde";"2012";"Science Park Noord";"Amsterdam                               ";"Buurt     ";"BU03635607          ";"     7.0";"    28.2"
"18 jaar of ouder";"Waarde";"2012";"Science Park Zuid";"Amsterdam                               ";"Buurt     ";"BU03635608          ";"     7.5";"    34.9"
"18 jaar of ouder";"Waarde";"2012";"Betondorp";"Amsterdam                               ";"Wijk      ";"WK036357            ";"    10.2";"    37.5"
"18 jaar of ouder";"Waarde";"2012";"Betondorp";"Amsterdam                               ";"Buurt     ";"BU03635700          ";"    10.2";"    37.5"
"18 jaar of ouder";"Waarde";"2012";"Nieuwe Oosterbegraafplaats";"Amsterdam                               ";"Buurt     ";"BU03635701          ";"       .";"       ."
"18 jaar of ouder";"Waarde";"2012";"Drieburg";"Amsterdam                               ";"Buurt     ";"BU03635702          ";"       .";"       ."
"18 jaar of ouder";"Waarde";"2012";"Omval/Overamstel";"Amsterdam                               ";"Wijk      ";"WK036358            ";"     6.9";"    33.3"
"18 jaar of ouder";"Waarde";"2012";"Weespertrekvaart";"Amsterdam                               ";"Buurt     ";"BU03635801          ";"     9.1";"    46.3"
"18 jaar of ouder";"Waarde";"2012";"Amstelglorie";"Amsterdam                               ";"Buurt     ";"BU03635804          ";"     4.7";"    22.4"
"18 jaar of ouder";"Waarde";"2012";"Overamstel";"Amsterdam                               ";"Buurt     ";"BU03635805          ";"     6.8";"    35.8"
"18 jaar of ouder";"Waarde";"2012";"Amstelkwartier Noord";"Amsterdam                               ";"Buurt     ";"BU03635806          ";"     5.2";"    20.0"
"18 jaar of ouder";"Waarde";"2012";"De Omval";"Amsterdam                               ";"Buurt     ";"BU03635807          ";"     3.9";"    14.6"
"18 jaar of ouder";"Waarde";"2012";"Amstelkwartier Zuid";"Amsterdam                               ";"Buurt     ";"BU03635808          ";"     4.4";"    24.2"
"18 jaar of ouder";"Waarde";"2012";"Amstelkwartier West";"Amsterdam                               ";"Buurt     ";"BU03635809          ";"     6.2";"    30.8"
"18 jaar of ouder";"Waarde";"2012";"Prinses Irenebuurt e.o.";"Amsterdam                               ";"Wijk      ";"WK036359            ";"     3.3";"    12.6"
"18 jaar of ouder";"Waarde";"2012";"Prinses Irenebuurt";"Amsterdam                               ";"Buurt     ";"BU03635900          ";"     3.3";"    12.6"
"18 jaar of ouder";"Waarde";"2012";"Beatrixpark";"Amsterdam                               ";"Buurt     ";"BU03635901          ";"       .";"       ."
"18 jaar of ouder";"Waarde";"2012";"Volewijck";"Amsterdam                               ";"Wijk      ";"WK036360            ";"    11.4";"    45.8"
"18 jaar of ouder";"Waarde";"2012";"Van der Pekbuurt";"Amsterdam                               ";"Buurt     ";"BU03636000          ";"    12.5";"    48.0"
"18 jaar of ouder";"Waarde";"2012";"Bloemenbuurt Zuid";"Amsterdam                               ";"Buurt     ";"BU03636001          ";"    11.2";"    45.7"
"18 jaar of ouder";"Waarde";"2012";"Bloemenbuurt Noord";"Amsterdam                               ";"Buurt     ";"BU03636002          ";"     9.6";"    41.8"
"18 jaar of ouder";"Waarde";"2012";"IJplein/Vogelbuurt";"Amsterdam                               ";"Wijk      ";"WK036361            ";"    11.9";"    45.7"
"18 jaar of ouder";"Waarde";"2012";"IJplein e.o.";"Amsterdam                               ";"Buurt     ";"BU03636100          ";"    11.5";"    43.3"
"18 jaar of ouder";"Waarde";"2012";"Vogelbuurt Zuid";"Amsterdam                               ";"Buurt     ";"BU03636101          ";"    12.3";"    47.9"
"18 jaar of ouder";"Waarde";"2012";"Vogelbuurt Noord";"Amsterdam                               ";"Buurt     ";"BU03636102          ";"    11.6";"    45.1"
"18 jaar of ouder";"Waarde";"2012";"Vliegenbos";"Amsterdam                               ";"Buurt     ";"BU03636103          ";"     3.0";"    21.5"
"18 jaar of ouder";"Waarde";"2012";"Tuindorp Nieuwendam";"Amsterdam                               ";"Wijk      ";"WK036362            ";"     8.2";"    35.8"
"18 jaar of ouder";"Waarde";"2012";"Tuindorp Nieuwendam West";"Amsterdam                               ";"Buurt     ";"BU03636200          ";"     8.4";"    35.0"
"18 jaar of ouder";"Waarde";"2012";"Tuindorp Nieuwendam Oost";"Amsterdam                               ";"Buurt     ";"BU03636201          ";"     8.1";"    36.2"
"18 jaar of ouder";"Waarde";"2012";"Tuindorp Buiksloot";"Amsterdam                               ";"Wijk      ";"WK036363            ";"     8.7";"    41.2"
"18 jaar of ouder";"Waarde";"2012";"Blauwe Zand";"Amsterdam                               ";"Buurt     ";"BU03636300          ";"     8.7";"    41.2"
"18 jaar of ouder";"Waarde";"2012";"Nieuwendammerdijk/Buiksloterdijk";"Amsterdam                               ";"Wijk      ";"WK036364            ";"     2.9";"    13.6"
"18 jaar of ouder";"Waarde";"2012";"Buiksloterdijk West";"Amsterdam                               ";"Buurt     ";"BU03636400          ";"     2.6";"    10.5"
"18 jaar of ouder";"Waarde";"2012";"Buiksloterdijk Oost";"Amsterdam                               ";"Buurt     ";"BU03636401          ";"     2.2";"     8.3"
"18 jaar of ouder";"Waarde";"2012";"Nieuwendammerdijk West";"Amsterdam                               ";"Buurt     ";"BU03636402          ";"     3.2";"    14.7"
"18 jaar of ouder";"Waarde";"2012";"Nieuwendammerdijk Oost";"Amsterdam                               ";"Buurt     ";"BU03636403          ";"     2.6";"    13.8"
"18 jaar of ouder";"Waarde";"2012";"Nieuwendammerdijk Zuid";"Amsterdam                               ";"Buurt     ";"BU03636404          ";"       .";"       ."
"18 jaar of ouder";"Waarde";"2012";"Tuindorp Oostzaan";"Amsterdam                               ";"Wijk      ";"WK036365            ";"     8.5";"    37.6"
"18 jaar of ouder";"Waarde";"2012";"Tuindorp Oostzaan West";"Amsterdam                               ";"Buurt     ";"BU03636500          ";"     7.6";"    33.5"
"18 jaar of ouder";"Waarde";"2012";"Tuindorp Oostzaan Oost";"Amsterdam                               ";"Buurt     ";"BU03636501          ";"     8.3";"    39.2"
"18 jaar of ouder";"Waarde";"2012";"Terrasdorp";"Amsterdam                               ";"Buurt     ";"BU03636502          ";"     9.1";"    38.0"
"18 jaar of ouder";"Waarde";"2012";"De Bongerd";"Amsterdam                               ";"Buurt     ";"BU03636503          ";"     7.7";"    34.0"
"18 jaar of ouder";"Waarde";"2012";"Oostzanerwerf";"Amsterdam                               ";"Wijk      ";"WK036366            ";"     7.4";"    30.9"
"18 jaar of ouder";"Waarde";"2012";"Oostzanerdijk";"Amsterdam                               ";"Buurt     ";"BU03636601          ";"     4.6";"    23.6"
"18 jaar of ouder";"Waarde";"2012";"Walvisbuurt";"Amsterdam                               ";"Buurt     ";"BU03636602          ";"     6.7";"    29.4"
"18 jaar of ouder";"Waarde";"2012";"Twiske West";"Amsterdam                               ";"Buurt     ";"BU03636603          ";"     4.8";"    23.9"
"18 jaar of ouder";"Waarde";"2012";"Noorder IJplas";"Amsterdam                               ";"Buurt     ";"BU03636604          ";"     3.8";"    17.4"
"18 jaar of ouder";"Waarde";"2012";"Molenwijk";"Amsterdam                               ";"Buurt     ";"BU03636605          ";"    10.5";"    38.9"
"18 jaar of ouder";"Waarde";"2012";"Circus/Kermisbuurt";"Amsterdam                               ";"Buurt     ";"BU03636606          ";"     7.7";"    31.7"
"18 jaar of ouder";"Waarde";"2012";"Kadoelen";"Amsterdam                               ";"Wijk      ";"WK036367            ";"     5.2";"    24.9"
"18 jaar of ouder";"Waarde";"2012";"Kadoelen";"Amsterdam                               ";"Buurt     ";"BU03636700          ";"     4.6";"    22.7"
"18 jaar of ouder";"Waarde";"2012";"Twiske Oost";"Amsterdam                               ";"Buurt     ";"BU03636701          ";"     6.1";"    28.3"
"18 jaar of ouder";"Waarde";"2012";"Waterlandpleinbuurt";"Amsterdam                               ";"Wijk      ";"WK036368            ";"    11.3";"    41.3"
"18 jaar of ouder";"Waarde";"2012";"Baanakkerspark Noord";"Amsterdam                               ";"Buurt     ";"BU03636800          ";"     5.8";"    25.0"
"18 jaar of ouder";"Waarde";"2012";"Baanakkerspark Zuid";"Amsterdam                               ";"Buurt     ";"BU03636801          ";"     4.8";"    20.2"
"18 jaar of ouder";"Waarde";"2012";"Werengouw Midden";"Amsterdam                               ";"Buurt     ";"BU03636802          ";"    11.3";"    43.6"
"18 jaar of ouder";"Waarde";"2012";"Markengouw Midden";"Amsterdam                               ";"Buurt     ";"BU03636803          ";"    12.8";"    45.3"
"18 jaar of ouder";"Waarde";"2012";"Markengouw Zuid";"Amsterdam                               ";"Buurt     ";"BU03636804          ";"    12.5";"    44.5"
"18 jaar of ouder";"Waarde";"2012";"Werengouw Zuid";"Amsterdam                               ";"Buurt     ";"BU03636805          ";"    11.3";"    36.9"
"18 jaar of ouder";"Waarde";"2012";"Buikslotermeer";"Amsterdam                               ";"Wijk      ";"WK036369            ";"     9.7";"    38.3"
"18 jaar of ouder";"Waarde";"2012";"Rode Kruisbuurt";"Amsterdam                               ";"Buurt     ";"BU03636900          ";"     3.9";"    18.1"
"18 jaar of ouder";"Waarde";"2012";"Loenermark";"Amsterdam                               ";"Buurt     ";"BU03636902          ";"     8.3";"    33.7"
"18 jaar of ouder";"Waarde";"2012";"Buikslotermeerplein";"Amsterdam                               ";"Buurt     ";"BU03636909          ";"     8.0";"    31.2"
"18 jaar of ouder";"Waarde";"2012";"Plan van Gool";"Amsterdam                               ";"Buurt     ";"BU03636910          ";"    11.2";"    44.2"
"18 jaar of ouder";"Waarde";"2012";"De Kleine Wereld";"Amsterdam                               ";"Buurt     ";"BU03636911          ";"    13.0";"    46.3"
"18 jaar of ouder";"Waarde";"2012";"Buikslotermeer Noord";"Amsterdam                               ";"Buurt     ";"BU03636912          ";"     6.8";"    31.0"
"18 jaar of ouder";"Waarde";"2012";"Banne Buiksloot";"Amsterdam                               ";"Wijk      ";"WK036370            ";"    10.5";"    39.8"
"18 jaar of ouder";"Waarde";"2012";"Banne Zuidwest";"Amsterdam                               ";"Buurt     ";"BU03637000          ";"    11.5";"    43.4"
"18 jaar of ouder";"Waarde";"2012";"Banne Zuidoost";"Amsterdam                               ";"Buurt     ";"BU03637001          ";"     8.8";"    33.5"
"18 jaar of ouder";"Waarde";"2012";"Banne Noordwest";"Amsterdam                               ";"Buurt     ";"BU03637002          ";"    12.2";"    44.4"
"18 jaar of ouder";"Waarde";"2012";"Banne Noordoost";"Amsterdam                               ";"Buurt     ";"BU03637003          ";"    10.9";"    41.4"
"18 jaar of ouder";"Waarde";"2012";"Buiksloterbreek";"Amsterdam                               ";"Buurt     ";"BU03637004          ";"     3.4";"    13.9"
"18 jaar of ouder";"Waarde";"2012";"Marjoleinterrein";"Amsterdam                               ";"Buurt     ";"BU03637005          ";"     9.1";"    35.3"
"18 jaar of ouder";"Waarde";"2012";"Noordelijke IJ-oevers West";"Amsterdam                               ";"Wijk      ";"WK036371            ";"     7.5";"    34.4"
"18 jaar of ouder";"Waarde";"2012";"Papaverweg e.o.";"Amsterdam                               ";"Buurt     ";"BU03637102          ";"     5.4";"    29.1"
"18 jaar of ouder";"Waarde";"2012";"Cornelis Douwesterrein";"Amsterdam                               ";"Buurt     ";"BU03637104          ";"    20.0";"    62.2"
"18 jaar of ouder";"Waarde";"2012";"NDSM terrein";"Amsterdam                               ";"Buurt     ";"BU03637105          ";"    10.1";"    49.1"
"18 jaar of ouder";"Waarde";"2012";"Buiksloterham";"Amsterdam                               ";"Buurt     ";"BU03637106          ";"     6.0";"    32.7"
"18 jaar of ouder";"Waarde";"2012";"Overhoeks";"Amsterdam                               ";"Buurt     ";"BU03637107          ";"     5.4";"    22.2"
"18 jaar of ouder";"Waarde";"2012";"Noordelijke IJ-oevers Oost";"Amsterdam                               ";"Wijk      ";"WK036372            ";"     5.3";"    25.9"
"18 jaar of ouder";"Waarde";"2012";"Bedrijventerrein Hamerstraat";"Amsterdam                               ";"Buurt     ";"BU03637200          ";"     5.5";"    27.9"
"18 jaar of ouder";"Waarde";"2012";"Zamenhofstraat e.o.";"Amsterdam                               ";"Buurt     ";"BU03637201          ";"       .";"       ."
"18 jaar of ouder";"Waarde";"2012";"Bedrijventerrein Nieuwendammerdijk";"Amsterdam                               ";"Buurt     ";"BU03637202          ";"     4.3";"    16.7"
"18 jaar of ouder";"Waarde";"2012";"Waterland";"Amsterdam                               ";"Wijk      ";"WK036373            ";"     3.3";"    15.7"
"18 jaar of ouder";"Waarde";"2012";"Schellingwoude West";"Amsterdam                               ";"Buurt     ";"BU03637300          ";"     3.6";"    19.3"
"18 jaar of ouder";"Waarde";"2012";"Schellingwoude Oost";"Amsterdam                               ";"Buurt     ";"BU03637301          ";"     3.5";"    18.4"
"18 jaar of ouder";"Waarde";"2012";"Schellingwoude Noord";"Amsterdam                               ";"Buurt     ";"BU03637302          ";"       .";"       ."
"18 jaar of ouder";"Waarde";"2012";"Durgerdam";"Amsterdam                               ";"Buurt     ";"BU03637303          ";"     3.1";"    14.0"
"18 jaar of ouder";"Waarde";"2012";"Zwarte Gouw";"Amsterdam                               ";"Buurt     ";"BU03637304          ";"       .";"       ."
"18 jaar of ouder";"Waarde";"2012";"Ransdorp";"Amsterdam                               ";"Buurt     ";"BU03637305          ";"     2.5";"    12.8"
"18 jaar of ouder";"Waarde";"2012";"Holysloot";"Amsterdam                               ";"Buurt     ";"BU03637306          ";"     2.8";"    15.1"
"18 jaar of ouder";"Waarde";"2012";"Zunderdorp";"Amsterdam                               ";"Buurt     ";"BU03637307          ";"     3.9";"    15.2"
"18 jaar of ouder";"Waarde";"2012";"Noorderstrook West";"Amsterdam                               ";"Buurt     ";"BU03637308          ";"     3.2";"    22.5"
"18 jaar of ouder";"Waarde";"2012";"Noorderstrook Oost";"Amsterdam                               ";"Buurt     ";"BU03637309          ";"       .";"       ."
"18 jaar of ouder";"Waarde";"2012";"Elzenhagen";"Amsterdam                               ";"Wijk      ";"WK036374            ";"     5.3";"    23.8"
"18 jaar of ouder";"Waarde";"2012";"Nintemanterrein";"Amsterdam                               ";"Buurt     ";"BU03637400          ";"     2.3";"    13.3"
"18 jaar of ouder";"Waarde";"2012";"Elzenhagen Zuid";"Amsterdam                               ";"Buurt     ";"BU03637401          ";"       .";"       ."
"18 jaar of ouder";"Waarde";"2012";"Elzenhagen Noord";"Amsterdam                               ";"Buurt     ";"BU03637402          ";"     5.5";"    24.6"
"18 jaar of ouder";"Waarde";"2012";"Chassébuurt";"Amsterdam                               ";"Wijk      ";"WK036375            ";"     9.5";"    38.9"
"18 jaar of ouder";"Waarde";"2012";"Kortenaerkwartier";"Amsterdam                               ";"Buurt     ";"BU03637500          ";"     8.1";"    35.8"
"18 jaar of ouder";"Waarde";"2012";"Filips van Almondekwartier";"Amsterdam                               ";"Buurt     ";"BU03637501          ";"     7.7";"    34.6"
"18 jaar of ouder";"Waarde";"2012";"De Wester Quartier";"Amsterdam                               ";"Buurt     ";"BU03637502          ";"    11.3";"    43.7"
"18 jaar of ouder";"Waarde";"2012";"Van Brakelkwartier";"Amsterdam                               ";"Buurt     ";"BU03637503          ";"    11.8";"    42.4"
"18 jaar of ouder";"Waarde";"2012";"Slotermeer-Noordoost";"Amsterdam                               ";"Wijk      ";"WK036376            ";"    12.7";"    44.8"
"18 jaar of ouder";"Waarde";"2012";"Buurt 3";"Amsterdam                               ";"Buurt     ";"BU03637600          ";"    12.0";"    43.1"
"18 jaar of ouder";"Waarde";"2012";"Buurt 2";"Amsterdam                               ";"Buurt     ";"BU03637601          ";"    14.1";"    47.9"
"18 jaar of ouder";"Waarde";"2012";"Slotermeer-Zuidwest";"Amsterdam                               ";"Wijk      ";"WK036377            ";"    12.7";"    43.6"
"18 jaar of ouder";"Waarde";"2012";"Slotermeer Zuid";"Amsterdam                               ";"Buurt     ";"BU03637700          ";"    13.0";"    45.1"
"18 jaar of ouder";"Waarde";"2012";"Noordoever Sloterplas";"Amsterdam                               ";"Buurt     ";"BU03637701          ";"     9.0";"    33.1"
"18 jaar of ouder";"Waarde";"2012";"Buurt 4 Oost";"Amsterdam                               ";"Buurt     ";"BU03637702          ";"    10.8";"    40.3"
"18 jaar of ouder";"Waarde";"2012";"Buurt 5 Noord";"Amsterdam                               ";"Buurt     ";"BU03637703          ";"    15.8";"    50.4"
"18 jaar of ouder";"Waarde";"2012";"Sloterpark";"Amsterdam                               ";"Buurt     ";"BU03637704          ";"       .";"       ."
"18 jaar of ouder";"Waarde";"2012";"Buurt 5 Zuid";"Amsterdam                               ";"Buurt     ";"BU03637705          ";"    14.6";"    47.4"
"18 jaar of ouder";"Waarde";"2012";"Geuzenveld";"Amsterdam                               ";"Wijk      ";"WK036378            ";"    12.1";"    43.2"
"18 jaar of ouder";"Waarde";"2012";"Buurt 6";"Amsterdam                               ";"Buurt     ";"BU03637800          ";"    13.9";"    47.2"
"18 jaar of ouder";"Waarde";"2012";"Buurt 7";"Amsterdam                               ";"Buurt     ";"BU03637801          ";"     9.1";"    35.9"
"18 jaar of ouder";"Waarde";"2012";"Buurt 8";"Amsterdam                               ";"Buurt     ";"BU03637802          ";"    12.5";"    44.7"
"18 jaar of ouder";"Waarde";"2012";"Buurt 9";"Amsterdam                               ";"Buurt     ";"BU03637803          ";"    12.1";"    43.1"
"18 jaar of ouder";"Waarde";"2012";"Eendrachtspark";"Amsterdam                               ";"Buurt     ";"BU03637804          ";"     8.6";"    33.2"
"18 jaar of ouder";"Waarde";"2012";"Eendracht";"Amsterdam                               ";"Wijk      ";"WK036379            ";"     6.8";"    29.6"
"18 jaar of ouder";"Waarde";"2012";"Osdorper Binnenpolder";"Amsterdam                               ";"Buurt     ";"BU03637900          ";"     4.2";"    19.4"
"18 jaar of ouder";"Waarde";"2012";"Buurt 10";"Amsterdam                               ";"Buurt     ";"BU03637901          ";"     6.9";"    29.7"
"18 jaar of ouder";"Waarde";"2012";"Lutkemeer/Ookmeer";"Amsterdam                               ";"Wijk      ";"WK036380            ";"     5.6";"    26.9"
"18 jaar of ouder";"Waarde";"2012";"Ookmeer";"Amsterdam                               ";"Buurt     ";"BU03638000          ";"       .";"       ."
"18 jaar of ouder";"Waarde";"2012";"Osdorper Bovenpolder";"Amsterdam                               ";"Buurt     ";"BU03638001          ";"     5.6";"    26.9"
"18 jaar of ouder";"Waarde";"2012";"Bedrijvenpark Lutkemeer";"Amsterdam                               ";"Buurt     ";"BU03638002          ";"     4.9";"    22.5"
"18 jaar of ouder";"Waarde";"2012";"Osdorp-Oost";"Amsterdam                               ";"Wijk      ";"WK036381            ";"    10.0";"    35.7"
"18 jaar of ouder";"Waarde";"2012";"Wildeman";"Amsterdam                               ";"Buurt     ";"BU03638100          ";"    12.8";"    42.4"
"18 jaar of ouder";"Waarde";"2012";"Meer en Oever";"Amsterdam                               ";"Buurt     ";"BU03638101          ";"     7.6";"    28.6"
"18 jaar of ouder";"Waarde";"2012";"Osdorpplein e.o.";"Amsterdam                               ";"Buurt     ";"BU03638102          ";"    10.6";"    38.1"
"18 jaar of ouder";"Waarde";"2012";"Calandlaan/Lelylaan";"Amsterdam                               ";"Buurt     ";"BU03638103          ";"    10.4";"    35.9"
"18 jaar of ouder";"Waarde";"2012";"Osdorp Zuidoost";"Amsterdam                               ";"Buurt     ";"BU03638104          ";"     7.7";"    31.1"
"18 jaar of ouder";"Waarde";"2012";"Osdorp-Midden";"Amsterdam                               ";"Wijk      ";"WK036382            ";"    12.3";"    41.7"
"18 jaar of ouder";"Waarde";"2012";"Osdorp Midden Noord";"Amsterdam                               ";"Buurt     ";"BU03638200          ";"    15.1";"    48.1"
"18 jaar of ouder";"Waarde";"2012";"Osdorp Midden Zuid";"Amsterdam                               ";"Buurt     ";"BU03638201          ";"    13.3";"    43.0"
"18 jaar of ouder";"Waarde";"2012";"Zuidwestkwadrant Osdorp Noord";"Amsterdam                               ";"Buurt     ";"BU03638202          ";"    12.7";"    42.4"
"18 jaar of ouder";"Waarde";"2012";"Zuidwestkwadrant Osdorp Zuid";"Amsterdam                               ";"Buurt     ";"BU03638203          ";"    10.2";"    37.6"
"18 jaar of ouder";"Waarde";"2012";"De Punt";"Amsterdam                               ";"Wijk      ";"WK036383            ";"     9.6";"    38.3"
"18 jaar of ouder";"Waarde";"2012";"De Punt";"Amsterdam                               ";"Buurt     ";"BU03638300          ";"     9.5";"    38.3"
"18 jaar of ouder";"Waarde";"2012";"Bedrijvencentrum Osdorp";"Amsterdam                               ";"Buurt     ";"BU03638301          ";"    12.8";"    49.5"
"18 jaar of ouder";"Waarde";"2012";"Middelveldsche Akerpolder";"Amsterdam                               ";"Wijk      ";"WK036384            ";"     7.1";"    28.1"
"18 jaar of ouder";"Waarde";"2012";"Middelveldsche Akerpolder";"Amsterdam                               ";"Buurt     ";"BU03638400          ";"     7.9";"    32.0"
"18 jaar of ouder";"Waarde";"2012";"De Aker West";"Amsterdam                               ";"Buurt     ";"BU03638401          ";"     6.4";"    26.0"
"18 jaar of ouder";"Waarde";"2012";"De Aker Oost";"Amsterdam                               ";"Buurt     ";"BU03638402          ";"     7.0";"    27.2"
"18 jaar of ouder";"Waarde";"2012";"Slotervaart Noord";"Amsterdam                               ";"Wijk      ";"WK036385            ";"     9.5";"    34.3"
"18 jaar of ouder";"Waarde";"2012";"Oostoever Sloterplas";"Amsterdam                               ";"Buurt     ";"BU03638500          ";"     5.5";"    21.9"
"18 jaar of ouder";"Waarde";"2012";"Emanuel van Meterenbuurt";"Amsterdam                               ";"Buurt     ";"BU03638501          ";"     8.3";"    31.2"
"18 jaar of ouder";"Waarde";"2012";"Jacob Geelbuurt";"Amsterdam                               ";"Buurt     ";"BU03638502          ";"    13.7";"    47.0"
"18 jaar of ouder";"Waarde";"2012";"Overtoomse Veld";"Amsterdam                               ";"Wijk      ";"WK036386            ";"    12.4";"    42.0"
"18 jaar of ouder";"Waarde";"2012";"Overtoomse Veld Noord";"Amsterdam                               ";"Buurt     ";"BU03638600          ";"    15.0";"    47.6"
"18 jaar of ouder";"Waarde";"2012";"Overtoomse Veld Zuid";"Amsterdam                               ";"Buurt     ";"BU03638601          ";"    12.0";"    42.1"
"18 jaar of ouder";"Waarde";"2012";"Rembrandtpark Noord";"Amsterdam                               ";"Buurt     ";"BU03638602          ";"     5.7";"    26.8"
"18 jaar of ouder";"Waarde";"2012";"Rembrandtpark Zuid";"Amsterdam                               ";"Buurt     ";"BU03638603          ";"     5.0";"    24.8"
"18 jaar of ouder";"Waarde";"2012";"Johan Jongkindbuurt";"Amsterdam                               ";"Buurt     ";"BU03638604          ";"    15.8";"    47.6"
"18 jaar of ouder";"Waarde";"2012";"Lucas/Andreasziekenhuis e.o.";"Amsterdam                               ";"Buurt     ";"BU03638605          ";"       .";"       ."
"18 jaar of ouder";"Waarde";"2012";"Westlandgracht";"Amsterdam                               ";"Wijk      ";"WK036387            ";"     8.8";"    33.1"
"18 jaar of ouder";"Waarde";"2012";"Koningin Wilhelminaplein";"Amsterdam                               ";"Buurt     ";"BU03638700          ";"     5.2";"    21.8"
"18 jaar of ouder";"Waarde";"2012";"Andreasterrein";"Amsterdam                               ";"Buurt     ";"BU03638701          ";"     7.8";"    27.6"
"18 jaar of ouder";"Waarde";"2012";"Delflandpleinbuurt Oost";"Amsterdam                               ";"Buurt     ";"BU03638702          ";"    11.4";"    42.2"
"18 jaar of ouder";"Waarde";"2012";"Delflandpleinbuurt West";"Amsterdam                               ";"Buurt     ";"BU03638703          ";"    10.7";"    39.2"
"18 jaar of ouder";"Waarde";"2012";"Riekerhaven";"Amsterdam                               ";"Buurt     ";"BU03638704          ";"       .";"       ."
"18 jaar of ouder";"Waarde";"2012";"Schipluidenbuurt";"Amsterdam                               ";"Buurt     ";"BU03638705          ";"       .";"       ."
"18 jaar of ouder";"Waarde";"2012";"Sloter-/Riekerpolder";"Amsterdam                               ";"Wijk      ";"WK036388            ";"     5.7";"    24.9"
"18 jaar of ouder";"Waarde";"2012";"Riekerpolder";"Amsterdam                               ";"Buurt     ";"BU03638800          ";"     8.4";"    31.2"
"18 jaar of ouder";"Waarde";"2012";"Park Haagseweg";"Amsterdam                               ";"Buurt     ";"BU03638801          ";"     3.4";"    15.9"
"18 jaar of ouder";"Waarde";"2012";"Nieuwe Meer";"Amsterdam                               ";"Buurt     ";"BU03638802          ";"     7.8";"    41.4"
"18 jaar of ouder";"Waarde";"2012";"Sloterweg e.o.";"Amsterdam                               ";"Buurt     ";"BU03638803          ";"     3.6";"    14.8"
"18 jaar of ouder";"Waarde";"2012";"Nieuw Sloten Noordwest";"Amsterdam                               ";"Buurt     ";"BU03638804          ";"     6.9";"    28.4"
"18 jaar of ouder";"Waarde";"2012";"Nieuw Sloten Noordoost";"Amsterdam                               ";"Buurt     ";"BU03638805          ";"     5.8";"    25.3"
"18 jaar of ouder";"Waarde";"2012";"Belgiëplein e.o.";"Amsterdam                               ";"Buurt     ";"BU03638806          ";"     6.5";"    26.3"
"18 jaar of ouder";"Waarde";"2012";"Nieuw Sloten Zuidwest";"Amsterdam                               ";"Buurt     ";"BU03638807          ";"     4.2";"    20.0"
"18 jaar of ouder";"Waarde";"2012";"Nieuw Sloten Zuidoost";"Amsterdam                               ";"Buurt     ";"BU03638808          ";"     6.5";"    28.6"
"18 jaar of ouder";"Waarde";"2012";"Dorp Sloten";"Amsterdam                               ";"Buurt     ";"BU03638809          ";"     4.4";"    21.0"
"18 jaar of ouder";"Waarde";"2012";"Slotervaart Zuid";"Amsterdam                               ";"Wijk      ";"WK036389            ";"    11.1";"    38.9"
"18 jaar of ouder";"Waarde";"2012";"Louis Chrispijnbuurt";"Amsterdam                               ";"Buurt     ";"BU03638900          ";"    10.4";"    37.7"
"18 jaar of ouder";"Waarde";"2012";"Jacques Veltmanbuurt";"Amsterdam                               ";"Buurt     ";"BU03638901          ";"     9.8";"    34.9"
"18 jaar of ouder";"Waarde";"2012";"Staalmanbuurt";"Amsterdam                               ";"Buurt     ";"BU03638902          ";"    14.0";"    45.2"
"18 jaar of ouder";"Waarde";"2012";"Medisch Centrum Slotervaart";"Amsterdam                               ";"Buurt     ";"BU03638903          ";"     9.0";"    36.9"
"18 jaar of ouder";"Waarde";"2012";"Buitenveldert-West";"Amsterdam                               ";"Wijk      ";"WK036390            ";"     5.8";"    24.4"
"18 jaar of ouder";"Waarde";"2012";"Gelderlandpleinbuurt";"Amsterdam                               ";"Buurt     ";"BU03639000          ";"     6.7";"    27.2"
"18 jaar of ouder";"Waarde";"2012";"Buitenveldert Midden Zuid";"Amsterdam                               ";"Buurt     ";"BU03639002          ";"     5.8";"    25.3"
"18 jaar of ouder";"Waarde";"2012";"Buitenveldert Zuidwest";"Amsterdam                               ";"Buurt     ";"BU03639003          ";"     5.1";"    22.2"
"18 jaar of ouder";"Waarde";"2012";"Amsterdamse Bos";"Amsterdam                               ";"Buurt     ";"BU03639004          ";"     3.9";"    22.1"
"18 jaar of ouder";"Waarde";"2012";"Buitenveldert West Midden";"Amsterdam                               ";"Buurt     ";"BU03639008          ";"     4.2";"    17.1"
"18 jaar of ouder";"Waarde";"2012";"Zuiderhof";"Amsterdam                               ";"Buurt     ";"BU03639009          ";"       .";"       ."
"18 jaar of ouder";"Waarde";"2012";"Buitenveldert-Oost";"Amsterdam                               ";"Wijk      ";"WK036391            ";"     6.2";"    23.5"
"18 jaar of ouder";"Waarde";"2012";"De Klenckebuurt";"Amsterdam                               ";"Buurt     ";"BU03639100          ";"     4.8";"    18.3"
"18 jaar of ouder";"Waarde";"2012";"Buitenveldert Oost Midden";"Amsterdam                               ";"Buurt     ";"BU03639101          ";"     7.2";"    26.7"
"18 jaar of ouder";"Waarde";"2012";"Buitenveldert Zuidoost";"Amsterdam                               ";"Buurt     ";"BU03639102          ";"     5.3";"    21.1"
"18 jaar of ouder";"Waarde";"2012";"Amstelpark";"Amsterdam                               ";"Buurt     ";"BU03639103          ";"     4.0";"    25.4"
"18 jaar of ouder";"Waarde";"2012";"Amstel III/Bullewijk";"Amsterdam                               ";"Wijk      ";"WK036392            ";"     8.7";"    31.0"
"18 jaar of ouder";"Waarde";"2012";"Hoofdcentrum Zuidoost";"Amsterdam                               ";"Buurt     ";"BU03639200          ";"       .";"       ."
"18 jaar of ouder";"Waarde";"2012";"Amstel III deel A/B Noord";"Amsterdam                               ";"Buurt     ";"BU03639201          ";"    10.5";"    32.2"
"18 jaar of ouder";"Waarde";"2012";"Amstel III deel C/D Noord";"Amsterdam                               ";"Buurt     ";"BU03639202          ";"     6.4";"    39.5"
"18 jaar of ouder";"Waarde";"2012";"Amstel III deel A/B Zuid";"Amsterdam                               ";"Buurt     ";"BU03639203          ";"     8.8";"    35.8"
"18 jaar of ouder";"Waarde";"2012";"Amstel III deel C/D Zuid";"Amsterdam                               ";"Buurt     ";"BU03639204          ";"       .";"       ."
"18 jaar of ouder";"Waarde";"2012";"AMC";"Amsterdam                               ";"Buurt     ";"BU03639205          ";"       .";"       ."
"18 jaar of ouder";"Waarde";"2012";"Hoge Dijk";"Amsterdam                               ";"Buurt     ";"BU03639206          ";"     3.4";"    14.4"
"18 jaar of ouder";"Waarde";"2012";"Bijlmer Centrum (D,F,H)";"Amsterdam                               ";"Wijk      ";"WK036393            ";"    12.3";"    48.7"
"18 jaar of ouder";"Waarde";"2012";"Venserpolder West";"Amsterdam                               ";"Buurt     ";"BU03639300          ";"    12.6";"    48.9"
"18 jaar of ouder";"Waarde";"2012";"Venserpolder Oost";"Amsterdam                               ";"Buurt     ";"BU03639301          ";"    12.6";"    49.4"
"18 jaar of ouder";"Waarde";"2012";"D-buurt";"Amsterdam                               ";"Buurt     ";"BU03639302          ";"    10.5";"    43.0"
"18 jaar of ouder";"Waarde";"2012";"F-buurt";"Amsterdam                               ";"Buurt     ";"BU03639303          ";"    10.1";"    44.0"
"18 jaar of ouder";"Waarde";"2012";"Amsterdamse Poort";"Amsterdam                               ";"Buurt     ";"BU03639304          ";"    13.4";"    52.9"
"18 jaar of ouder";"Waarde";"2012";"Hoptille";"Amsterdam                               ";"Buurt     ";"BU03639305          ";"    14.0";"    55.0"
"18 jaar of ouder";"Waarde";"2012";"Rechte H-buurt";"Amsterdam                               ";"Buurt     ";"BU03639306          ";"    13.8";"    52.3"
"18 jaar of ouder";"Waarde";"2012";"Hakfort/Huigenbos";"Amsterdam                               ";"Buurt     ";"BU03639307          ";"    13.6";"    52.6"
"18 jaar of ouder";"Waarde";"2012";"Huntum";"Amsterdam                               ";"Buurt     ";"BU03639308          ";"     4.4";"    18.3"
"18 jaar of ouder";"Waarde";"2012";"Vogeltjeswei";"Amsterdam                               ";"Buurt     ";"BU03639309          ";"     9.4";"    39.1"
"18 jaar of ouder";"Waarde";"2012";"Nelson Mandelapark";"Amsterdam                               ";"Buurt     ";"BU03639310          ";"       .";"       ."
"18 jaar of ouder";"Waarde";"2012";"Bijlmer Oost (E,G,K)";"Amsterdam                               ";"Wijk      ";"WK036394            ";"    10.9";"    44.7"
"18 jaar of ouder";"Waarde";"2012";"E-buurt";"Amsterdam                               ";"Buurt     ";"BU03639400          ";"     8.7";"    40.4"
"18 jaar of ouder";"Waarde";"2012";"G-buurt West";"Amsterdam                               ";"Buurt     ";"BU03639401          ";"     9.7";"    42.6"
"18 jaar of ouder";"Waarde";"2012";"Bijlmermuseum Noord";"Amsterdam                               ";"Buurt     ";"BU03639402          ";"    13.8";"    53.3"
"18 jaar of ouder";"Waarde";"2012";"Kortvoort";"Amsterdam                               ";"Buurt     ";"BU03639403          ";"    13.0";"    51.7"
"18 jaar of ouder";"Waarde";"2012";"Kelbergen";"Amsterdam                               ";"Buurt     ";"BU03639404          ";"     9.6";"    42.9"
"18 jaar of ouder";"Waarde";"2012";"K-buurt Midden";"Amsterdam                               ";"Buurt     ";"BU03639405          ";"    14.5";"    52.6"
"18 jaar of ouder";"Waarde";"2012";"K-buurt Zuidoost";"Amsterdam                               ";"Buurt     ";"BU03639406          ";"     9.3";"    41.0"
"18 jaar of ouder";"Waarde";"2012";"K-buurt Zuidwest";"Amsterdam                               ";"Buurt     ";"BU03639407          ";"     9.7";"    44.6"
"18 jaar of ouder";"Waarde";"2012";"Grunder/Koningshoef";"Amsterdam                               ";"Buurt     ";"BU03639408          ";"     9.5";"    44.6"
"18 jaar of ouder";"Waarde";"2012";"G-buurt Oost";"Amsterdam                               ";"Buurt     ";"BU03639409          ";"     5.7";"    26.5"
"18 jaar of ouder";"Waarde";"2012";"Kantershof";"Amsterdam                               ";"Buurt     ";"BU03639410          ";"     8.4";"    37.4"
"18 jaar of ouder";"Waarde";"2012";"Gooise Kant";"Amsterdam                               ";"Buurt     ";"BU03639411          ";"       .";"       ."
"18 jaar of ouder";"Waarde";"2012";"G-buurt Noord";"Amsterdam                               ";"Buurt     ";"BU03639412          ";"    17.0";"    59.7"
"18 jaar of ouder";"Waarde";"2012";"Bijlmermuseum Zuid";"Amsterdam                               ";"Buurt     ";"BU03639413          ";"    15.2";"    56.0"
"18 jaar of ouder";"Waarde";"2012";"Nellestein";"Amsterdam                               ";"Wijk      ";"WK036395            ";"     6.6";"    29.7"
"18 jaar of ouder";"Waarde";"2012";"L-buurt";"Amsterdam                               ";"Buurt     ";"BU03639500          ";"     6.6";"    29.9"
"18 jaar of ouder";"Waarde";"2012";"Gaasperpark";"Amsterdam                               ";"Buurt     ";"BU03639501          ";"     9.4";"    34.7"
"18 jaar of ouder";"Waarde";"2012";"Gaasperplas";"Amsterdam                               ";"Buurt     ";"BU03639502          ";"     7.1";"    14.0"
"18 jaar of ouder";"Waarde";"2012";"Holendrecht/Reigersbos";"Amsterdam                               ";"Wijk      ";"WK036396            ";"    10.4";"    42.5"
"18 jaar of ouder";"Waarde";"2012";"Holendrecht West";"Amsterdam                               ";"Buurt     ";"BU03639600          ";"    14.0";"    54.3"
"18 jaar of ouder";"Waarde";"2012";"Reigersbos Noord";"Amsterdam                               ";"Buurt     ";"BU03639601          ";"    13.2";"    52.1"
"18 jaar of ouder";"Waarde";"2012";"Holendrecht Oost";"Amsterdam                               ";"Buurt     ";"BU03639602          ";"     6.1";"    28.0"
"18 jaar of ouder";"Waarde";"2012";"Gaasperdam Noord";"Amsterdam                               ";"Buurt     ";"BU03639603          ";"    10.4";"    42.0"
"18 jaar of ouder";"Waarde";"2012";"Gaasperdam Zuid";"Amsterdam                               ";"Buurt     ";"BU03639604          ";"    10.0";"    40.4"
"18 jaar of ouder";"Waarde";"2012";"Reigersbos Midden";"Amsterdam                               ";"Buurt     ";"BU03639605          ";"     9.8";"    41.0"
"18 jaar of ouder";"Waarde";"2012";"Reigersbos Zuid";"Amsterdam                               ";"Buurt     ";"BU03639606          ";"     7.7";"    34.4"
"18 jaar of ouder";"Waarde";"2012";"Gein";"Amsterdam                               ";"Wijk      ";"WK036397            ";"     8.8";"    37.2"
"18 jaar of ouder";"Waarde";"2012";"Gein Noordwest";"Amsterdam                               ";"Buurt     ";"BU03639700          ";"    12.0";"    46.5"
"18 jaar of ouder";"Waarde";"2012";"Gein Zuidwest";"Amsterdam                               ";"Buurt     ";"BU03639701          ";"    12.8";"    50.8"
"18 jaar of ouder";"Waarde";"2012";"Gein Noordoost";"Amsterdam                               ";"Buurt     ";"BU03639702          ";"     4.3";"    21.7"
"18 jaar of ouder";"Waarde";"2012";"Gein Zuidoost";"Amsterdam                               ";"Buurt     ";"BU03639703          ";"     9.1";"    39.6"
"18 jaar of ouder";"Waarde";"2012";"Driemond";"Amsterdam                               ";"Wijk      ";"WK036398            ";"     4.6";"    24.8"
"18 jaar of ouder";"Waarde";"2012";"Dorp Driemond";"Amsterdam                               ";"Buurt     ";"BU03639800          ";"     4.6";"    25.0"
"18 jaar of ouder";"Waarde";"2012";"Landelijk gebied Driemond";"Amsterdam                               ";"Buurt     ";"BU03639801          ";"     2.9";"    15.5"
